law_name,title,family,geo_extent,agreement,side,cause,detail,register_status,register_source,confidence,tier,matched_dimensions,caveats
UK_ukpga_1937_67,Factories Act,💙 OH&S: Occupational / Personal Safety,UK,agree_no,,,,no,enhesa_import,,,,
UK_ukpga_1982_45,Civic Government (Scotland) Act,,GB,agree_no,,,,no,enhesa_import,,,,
UK_ukpga_1996_8,Finance Act,,UK,agree_no,,,,no,enhesa_import,,,,
UK_ukpga_1997_10,Planning (Hazardous Substances) (Scotland) Act,💚 PLANNING & INFRASTRUCTURE,,agree_no,,,,no,enhesa_import,,,,
UK_uksi_1996_1527,Landfill Tax Regulations,💚 WASTE,UK,agree_no,,,,no,enhesa_import,,,,
UK_uksi_1996_2503,Chemical Weapons (Notification) Regulations,,,agree_no,,,,no,enhesa_import,,,,
UK_uksi_1997_1160,Hedgerows Regulations,💚 WILDLIFE & COUNTRYSIDE,E+W,agree_no,,,,no,enhesa_import,,,,
UK_uksi_2001_838,Climate Change Levy (General) Regulations,💚 CLIMATE CHANGE,UK,agree_no,,,,no,enhesa_import,,,,
UK_uksi_2005_1714,Climate Change Levy (Combined Heat and Power Stations) Regulations,💚 CLIMATE CHANGE,UK,agree_no,,,,no,enhesa_import,,,,
UK_uksi_2006_641,Water Resources (Abstraction and Impounding) Regulations,💚 WATER & WASTEWATER,UK,agree_no,,,,no,enhesa_import,,,,
UK_uksi_2007_1711,Transfrontier Shipment of Waste Regulations,💚 WASTE,UK,agree_no,,,,no,enhesa_import,,,,
UK_uksi_2007_3106,Persistent Organic Pollutants Regulations,💚 POLLUTION,UK,agree_no,,,,no,enhesa_import,,,,
UK_uksi_2010_103,Infrastructure Planning (Examination Procedure) Rules,💚 PLANNING & INFRASTRUCTURE,UK,agree_no,,,,no,enhesa_import,,,,
UK_uksi_2010_2020,Port of Bristol (Deep Sea Container Terminal) Harbour Revision Order,💚 MARINE & RIVERINE,UK,agree_no,,,,no,enhesa_import,,,,
UK_uksi_2011_1017,Landfill Tax (Qualifying Material) Order,💚 WASTE,UK,agree_no,,,,no,enhesa_import,,,,
UK_uksi_2015_776,Single Use Carrier Bags Charges (England) Order,💚 WASTE,E+W,agree_no,,,,no,enhesa_import,,,,
UK_uksi_2019_156,Transfrontier Shipment of Radioactive Waste and Spent Fuel (EU Exit) Regulations,💚 NUCLEAR & RADIOLOGICAL,UK,agree_no,,,,no,enhesa_import,,,,
UK_uksi_2020_1647,Hazardous Substances and Packaging (Legislative Functions and Amendment) (EU Exit) Regulations,💚 WASTE,UK,agree_no,,,,no,enhesa_import,,,,
UK_anaw_2017_2,Public Health (Wales) Act,💙 HEALTH: Public,UK,both,,,,yes,enhesa_import,0.6,probable,material/territorial,time window … to 2017-04-15
UK_asp_2005_5,Fire (Scotland) Act,💙 FIRE,S,both,,,,yes,enhesa_import,1.0,strong,material/personal/territorial,
UK_asp_2010_5,Marine (Scotland) Act,💚 MARINE & RIVERINE,S,both,,,,yes,bms_import,0.6,probable,material/territorial,time window … to 2010-05-01
UK_eudr_1989_654,Council Directive of 30 November 1989 concerning the minimum safety and health requirements for the workplace (first individual directive within the meaning of Article 16 (1) of Directive 89/391/EEC) (89/654/EEC),💙 OH&S: Occupational / Personal Safety,UK,both,,,,yes,enhesa_import,1.0,strong,material/personal/territorial,
UK_eudr_1989_656,Council Directive of 30 November 1989 on the minimum health and safety requirements for the use by workers of personal protective equipment at the workplace (third individual directive within the meaning of Article 16 (1) of Directive 89/391/EEC) (89/656/EEC),💙 OH&S: Occupational / Personal Safety,UK,both,,,,yes,enhesa_import,1.0,strong,material,
UK_eudr_1990_269,Council Directive of 29 May 1990 on the minimum health and safety requirements for the manual handling of loads where there is a risk particularly of back injury to workers (fourth individual Directive within the meaning of Article 16 (1) of Directive 89/391/EEC) (90/269/EEC),💙 OH&S: Occupational / Personal Safety,UK,both,,,,yes,enhesa_import,1.0,strong,material,
UK_eudr_1990_270,Council Directive of 29 May 1990 on the minimum safety and health requirements for work with display screen equipment (fifth individual Directive within the meaning of Article 16 (1) of Directive 89/391/EEC) (90/270/EEC),💙 OH&S: Occupational / Personal Safety,UK,both,,,,yes,enhesa_import,0.6,probable,material,may be disapplied: material:construction_work
UK_eudr_1991_383,Council Directive of 25 June 1991 supplementing the measures to encourage improvements in the safety and health at work of workers with a fixed-duration employment relationship or a temporary employment relationship (91/383/EEC),💙 OH&S: Occupational / Personal Safety,UK,both,,,,yes,enhesa_import,1.0,strong,personal/territorial,
UK_eudr_1992_57,Council Directive 92/57/EEC of 24 June 1992 on the implementation of minimum safety and health requirements at temporary or mobile constructions sites (eighth individual Directive within the meaning of Article 16 (1) of Directive 89/391/EEC),💙 OH&S: Occupational / Personal Safety,UK,both,,,,yes,enhesa_import,1.0,strong,material,
UK_eudr_1992_58,Council Directive 92/58/EEC of 24 June 1992 on the minimum requirements for the provision of safety and/or health signs at work (ninth individual Directive within the meaning of Article 16 (1) of Directive 89/391/EEC),,UK,both,,,,yes,enhesa_import,0.6,probable,material,may be disapplied: material:substances
UK_eudr_1992_85,Council Directive 92/85/EEC of 19 October 1992 on the introduction of measures to encourage improvements in the safety and health at work of pregnant workers and workers who have recently given birth or are breastfeeding (tenth individual Directive within the meaning of Article 16 (1) of Directive 89/391/EEC),💙 OH&S: Occupational / Personal Safety,UK,both,,,,yes,enhesa_import,1.0,strong,material/personal,
UK_eudr_1999_92,Directive 1999/92/EC of the European Parliament and of the Council of 16 December 1999 on minimum requirements for improving the safety and health protection of workers potentially at risk from explosive atmospheres (15th individual Directive within the meaning of Article 16(1) of Directive 89/391/EEC),💙 FIRE,UK,both,,,,yes,enhesa_import,0.6,probable,,may be disapplied: material:construction_work
UK_eudr_2000_54,﻿Directive 2000/54/EC of the European Parliament and of the Council of 18 September 2000 on the protection of workers from risks related to exposure to biological agents at work (seventh individual directive within the meaning of Article 16(1) of Directive 89/391/EEC),💜 HR: Employment,UK,both,,,,yes,enhesa_import,1.0,strong,material/personal,
UK_eudr_2002_44,Directive 2002/44/EC of the European Parliament and of the Council of 25 June 2002 on the minimum health and safety requirements regarding the exposure of workers to the risks arising from physical agents (vibration) (sixteenth individual Directive within the meaning of Article 16(1) of Directive 89/391/EEC),💙 OH&S: Occupational / Personal Safety,UK,both,,,,yes,enhesa_import,1.0,strong,material/personal/territorial,
UK_eudr_2003_10,Directive 2003/10/EC of the European Parliament and of the Council of 6 February 2003 on the minimum health and safety requirements regarding the exposure of workers to the risks arising from physical agents (noise) (Seventeenth individual Directive within the meaning of Article 16(1) of Directive 89/391/EEC),💙 OH&S: Occupational / Personal Safety,UK,both,,,,yes,enhesa_import,1.0,strong,material/personal/territorial,
UK_eudr_2004_35,Directive 2004/35/CE of the European Parliament and of the Council of 21 April 2004 on environmental liability with regard to the prevention and remedying of environmental damage,💚 ENVIRONMENTAL PROTECTION,UK,both,,,,yes,enhesa_import,1.0,strong,material/personal,
UK_eudr_2004_37,Directive 2004/37/EC of the European Parliament and of the Council of 29 April 2004 on the protection of workers from the risks related to exposure to carcinogens or mutagens at work (Sixth individual Directive within the meaning of Article 16(1) of Council Directive 89/391/EEC) (codified version) (Text with EEA relevance),💜 HR: Employment,UK,both,,,,yes,enhesa_import,1.0,strong,conditional/material/personal,
UK_eudr_2006_25,Directive 2006/25/EC of the European Parliament and of the Council of 5 April 2006 on the minimum health and safety requirements regarding the exposure of workers to risks arising from physical agents (artificial optical radiation) (19th individual Directive within the meaning of Article 16(1) of Directive 89/391/EEC),💙 OH&S: Occupational / Personal Safety,UK,both,,,,yes,enhesa_import,1.0,strong,conditional/material/personal/territorial,
UK_eudr_2006_42,"Directive 2006/42/EC of the European Parliament and of the Council of 17 May 2006 on machinery, and amending Directive 95/16/EC (recast) (Text with EEA relevance)",💙 PUBLIC: Consumer / Product Safety,UK,both,,,,yes,enhesa_import,1.0,strong,personal,
UK_eudr_2008_105,"Directive 2008/105/EC of the European Parliament and of the Council of 16 December 2008 on environmental quality standards in the field of water policy, amending and subsequently repealing Council Directives 82/176/EEC, 83/513/EEC, 84/156/EEC, 84/491/EEC, 86/280/EEC and amending Directive 2000/60/EC of the European Parliament and of the Council",💚 ENVIRONMENTAL PROTECTION,UK,both,,,,yes,enhesa_import,1.0,strong,material,
UK_eudr_2008_98,Directive 2008/98/EC of the European Parliament and of the Council of 19 November 2008 on waste and repealing certain Directives (Text with EEA relevance),💚 WASTE,UK,both,,,,yes,enhesa_import,1.0,strong,material/personal,
UK_eudr_2009_148,Directive 2009/148/EC of the European Parliament and of the Council of 30 November 2009 on the protection of workers from the risks related to exposure to asbestos at work (codified version) (Text with EEA relevance),💜 HR: Employment,UK,both,,,,yes,enhesa_import,1.0,strong,material/personal,
UK_eudr_2009_38,Directive 2009/38/EC of the European Parliament and of the Council of 6 May 2009 on the establishment of a European Works Council or a procedure in Community-scale undertakings and Community-scale groups of undertakings for the purposes of informing and consulting employees (Recast) (Text with EEA relevance),💜 HR: Employment,UK,both,,,,yes,enhesa_import,1.0,strong,material/personal/territorial,
UK_eudr_2010_35,"Directive 2010/35/EU of the European Parliament and of the Council of 16 June 2010 on transportable pressure equipment and repealing Council Directives 76/767/EEC, 84/525/EEC, 84/526/EEC, 84/527/EEC and 1999/36/EC (Text with EEA relevance)",💙 PUBLIC: Consumer / Product Safety,UK,both,,,,yes,enhesa_import,0.6,probable,material/personal/territorial,may be disapplied: material:dangerous_goods
UK_eudr_2013_35,Directive 2013/35/EU of the European Parliament and of the Council of 26 June 2013 on the minimum health and safety requirements regarding the exposure of workers to the risks arising from physical agents (electromagnetic fields) (20th individual Directive within the meaning of Article 16(1) of Directive 89/391/EEC) and repealing Directive 2004/40/EC,💙 OH&S: Occupational / Personal Safety,UK,both,,,,yes,enhesa_import,1.0,strong,material/personal,
UK_eudr_2013_59,"Council Directive 2013/59/Euratom of 5 December 2013 laying down basic safety standards for protection against the dangers arising from exposure to ionising radiation, and repealing Directives 89/618/Euratom, 90/641/Euratom, 96/29/Euratom, 97/43/Euratom and 2003/122/Euratom",💚 NUCLEAR & RADIOLOGICAL,UK,both,,,,yes,enhesa_import,1.0,strong,material/personal/territorial,
UK_eudr_2014_29,Directive 2014/29/EU of the European Parliament and of the Council of 26 February 2014 on the harmonisation of the laws of the Member States relating to the making available on the market of simple pressure vessels (recast) (Text with EEA relevance),💙 PUBLIC: Consumer / Product Safety,UK,both,,,,yes,enhesa_import,1.0,strong,material/personal,
UK_eudr_2014_30,Directive 2014/30/EU of the European Parliament and of the Council of 26 February 2014 on the harmonisation of the laws of the Member States relating to electromagnetic compatibility (recast) (Text with EEA relevance),💙 PUBLIC: Consumer / Product Safety,UK,both,,,,yes,enhesa_import,1.0,strong,personal,
UK_eudr_2014_33,Directive 2014/33/EU of the European Parliament and of the Council of 26 February 2014 on the harmonisation of the laws of the Member States relating to lifts and safety components for lifts (recast) (Text with EEA relevance),💙 PUBLIC: Consumer / Product Safety,UK,both,,,,yes,enhesa_import,0.7,probable,personal,
UK_eudr_2014_34,Directive 2014/34/EU of the European Parliament and of the Council of 26 February 2014 on the harmonisation of the laws of the Member States relating to equipment and protective systems intended for use in potentially explosive atmospheres (recast) (Text with EEA relevance),💙 FIRE,UK,both,,,,yes,enhesa_import,1.0,strong,personal,
UK_eudr_2014_35,Directive 2014/35/EU of the European Parliament and of the Council of 26 February 2014 on the harmonisation of the laws of the Member States relating to the making available on the market of electrical equipment designed for use within certain voltage limits (recast) (Text with EEA relevance),💚 ENERGY,UK,both,,,,yes,enhesa_import,1.0,strong,material/personal,
UK_eudr_2014_68,Directive 2014/68/EU of the European Parliament and of the Council of 15 May 2014 on the harmonisation of the laws of the Member States relating to the making available on the market of pressure equipment (recast) (Text with EEA relevance),💙 PUBLIC: Consumer / Product Safety,UK,both,,,,yes,enhesa_import,1.0,strong,material/personal/territorial,
UK_eur_1991_3254,Council Regulation (EEC) no 3254/91 of 4 November 1991 prohibiting the use of leghold traps in the Community and the introduction into the Community of pelts and manufactured goods of certain wild animal species originating in countries which catch them by means of leghold traps or trapping methods which do not meet international humane trapping standards,💚 WILDLIFE & COUNTRYSIDE,UK,both,,,,yes,enhesa_import,1.0,strong,,
UK_eur_2004_273,Regulation (EC) No 273/2004 of the European Parliament and of the Council of 11 February 2004 on drug precursors (Text with EEA relevance),💙 HEALTH: Drug & Medicine Safety,UK,both,,,,yes,enhesa_import,0.5,probable,material/personal/territorial,
UK_eur_2004_852,Regulation (EC) No 852/2004 of the european parliament and of the council of 29 April 2004 on the hygiene of foodstuffs,💙 FOOD,UK,both,,,,yes,enhesa_import,1.0,strong,personal,
UK_eur_2005_111,Council Regulation (EC) No 111/2005 of 22 December 2004 laying down rules for the monitoring of trade between the Union and third countries in drug precursors,💙 HEALTH: Drug & Medicine Safety,UK,both,,,,yes,enhesa_import,0.75,probable,material/personal/territorial,
UK_eur_2006_1013,Regulation (EC) No 1013/2006 of the European Parliament and of the Council of 14 June 2006 on shipments of waste,💚 WASTE,UK,both,,,,yes,enhesa_import,0.6,probable,material/territorial,may be disapplied: territorial:ship
UK_eur_2008_1272,"Regulation (EC) No 1272/2008 of the European Parliament and of the Council of 16 December 2008 on classification, labelling and packaging of substances and mixtures, amending and repealing Directives 67/548/EEC and 1999/45/EC, and amending Regulation (EC) No 1907/2006 (Text with EEA relevance)",💙 OH&S: Occupational / Personal Safety,,both,,,,yes,enhesa_import,0.6,probable,material/personal/territorial,may be disapplied: material:dangerous_goods
UK_eur_2008_340,"

               Commission Regulation (EC) No 340/2008of 16 April 2008on the fees and charges payable to the European Chemicals Agency pursuant to Regulation (EC) No 1907/2006 of the European Parliament and of the Council on the Registration, Evaluation, Authorisation and Restriction of Chemicals (REACH)(Text with EEA relevance)",💙 PUBLIC: Consumer / Product Safety,UK,both,,,,yes,enhesa_import,1.0,strong,material,
UK_eur_2009_1005,Regulation (EC) No 1005/2009 of the European Parliament and of the Council of 16 September 2009 on substances that deplete the ozone layer (recast) (Text with EEA relevance),💚 CLIMATE CHANGE,UK,both,,,,yes,enhesa_import,1.0,strong,material,
UK_eur_2012_1079,Commission Implementing Regulation (EU) No 1079/2012 of 16 November 2012 laying down requirements for voice channels spacing for the single European sky (Text with EEA relevance),,UK,both,,,,yes,enhesa_import,0.75,probable,territorial,
UK_eur_2012_649,Regulation (EU) No 649/2012 of the European Parliament and of the Council of 4 July 2012 concerning the export and import of hazardous chemicals (recast),💚 ENVIRONMENTAL PROTECTION,UK,both,,,,yes,enhesa_import,1.0,strong,material/territorial,
UK_eur_2012_965,Commission Regulation (EU) No 965/2012 of 5 October 2012 laying down technical requirements and administrative procedures related to air operations pursuant to Regulation (EC) No 216/2008 of the European Parliament and of the Council,💙 TRANSPORT: Air Safety,UK,both,,,,yes,enhesa_import,1.0,strong,,
UK_eur_2013_228,Regulation (EU) No 228/2013 of the European Parliament and of the Council of 13 March 2013 laying down specific measures for agriculture in the outermost regions of the Union and repealing Council Regulation (EC) No 247/2006,💚 AGRICULTURE,UK,both,,,,yes,enhesa_import,1.0,strong,personal/territorial,
UK_eur_2014_165,"Regulation (EU) No 165/2014 of the European Parliament and of the Council of 4 February 2014 on tachographs in road transport, repealing Council Regulation (EEC) No 3821/85 on recording equipment in road transport and amending Regulation (EC) No 561/2006 of the European Parliament and of the Council on the harmonisation of certain social legislation relating to road transport (Text with EEA relevance)",💙 TRANSPORT: Road Safety,UK,both,,,,yes,enhesa_import,1.0,strong,material,
UK_eur_2016_2031,"Regulation (EU) 2016/2031 of the European Parliament of the Council of 26 October 2016 on protective measures against pests of plants, amending Regulations (EU) No 228/2013, (EU) No 652/2014 and (EU) No 1143/2014 of the European Parliament and of the Council and repealing Council Directives 69/464/EEC, 74/647/EEC, 93/85/EEC, 98/57/EC, 2000/29/EC, 2006/91/EC and 2007/33/EC",💚 PLANT HEALTH,UK,both,,,,yes,enhesa_import,0.6,probable,personal/territorial,time window … to 2023-01-01
UK_eur_2016_425,Regulation (EU) 2016/425 of the European Parliament and of the Council of 9 March 2016 on personal protective equipment and repealing Council Directive 89/686/EEC (Text with EEA relevance),💙 PUBLIC: Consumer / Product Safety,UK,both,,,,yes,enhesa_import,0.55,probable,personal,
UK_ssi_1999_1,Environmental Impact Assessment (Scotland) Regulations,💚 ENVIRONMENTAL PROTECTION,UK,both,,,,yes,enhesa_import,1.0,strong,territorial,
UK_ssi_2000_169,Sulphur Content of Liquid Fuels (Scotland) Regulations,💚 AIR QUALITY,UK,both,,,,yes,enhesa_import,0.6,probable,material/territorial,may be disapplied: material:construction_work; may be disapplied: material:lead
UK_ssi_2000_185,Environmental Protection (Waste Recycling Payments) (Scotland) Regulations,💚 WASTE,UK,both,,,,yes,enhesa_import,1.0,strong,material/territorial,
UK_ssi_2000_95,Environmental Protection (Disposal of Polychlorinated Biphenyls and other Dangerous Substances) (Scotland) Regulations,💚 WASTE,S,both,,,,yes,enhesa_import,1.0,strong,material/territorial,
UK_ssi_2002_167,Water and Sewerage Charges (Exemption) (Scotland) Regulations,💚 WATER & WASTEWATER,UK,both,,,,yes,enhesa_import,0.6,probable,territorial,may be disapplied: territorial:premises
UK_ssi_2003_168,Anti-Pollution Works (Scotland) Regulations,💚 POLLUTION,UK,both,,,,yes,enhesa_import,1.0,strong,territorial,
UK_ssi_2004_508,Building (Fees) (Scotland) Regulations,💙 PUBLIC: Building Safety,UK,both,,,,yes,enhesa_import,1.0,strong,material,
UK_ssi_2004_520,Environmental Information (Scotland) Regulations,💚 ENVIRONMENTAL PROTECTION,S,both,,,,yes,enhesa_import,1.0,strong,territorial,
UK_ssi_2006_3,Food Hygiene (Scotland) Regulations,💙 FOOD,S,both,,,,yes,enhesa_import,1.0,strong,personal/territorial,
UK_ssi_2006_456,Fire Safety (Scotland) Regulations,💙 FIRE,S,both,,,,yes,enhesa_import,0.6,probable,material/personal/territorial,may be disapplied: material:explosives; may be disapplied: personal:worker
UK_ssi_2006_465,Environmental Noise (Scotland) Regulations,💚 NOISE,S,both,,,,yes,enhesa_import,1.0,strong,material/personal/territorial,
UK_ssi_2007_251,National Waste Management Plan for Scotland Regulations,💚 WASTE,S,both,,,,yes,enhesa_import,1.0,strong,material/territorial,
UK_ssi_2008_309,Energy Performance of Buildings (Scotland) Regulations,💚 BUILDINGS,UK,both,,,,yes,enhesa_import,0.6,probable,territorial,may be disapplied: material:construction_work
UK_ssi_2010_204,Air Quality Standards (Scotland) Regulations,💚 AIR QUALITY,S,both,,,,yes,enhesa_import,1.0,strong,territorial,
UK_ssi_2010_60,Management of Extractive Waste (Scotland) Regulations,💚 WASTE,S,both,,,,yes,enhesa_import,0.6,probable,material/territorial,may be disapplied: personal:operator
UK_ssi_2011_204,Marine Licensing (Exempted Activities) (Scottish Inshore Region) Order,💚 MARINE & RIVERINE,S,both,,,,yes,enhesa_import,0.6,probable,material/territorial,may be disapplied: territorial:great_britain
UK_ssi_2013_286,Marine Licensing (Pre-application Consultation) (Scotland) Regulations,💚 MARINE & RIVERINE,UK,both,,,,yes,enhesa_import,1.0,strong,territorial,
UK_ssi_2014_161,Single Use Carrier Bags Charge (Scotland) Regulations,💚 WASTE,S,both,,,,yes,enhesa_import,0.6,probable,material/territorial,may be disapplied: material:lead; time window … to 2014-05-31
UK_ssi_2014_4,Environmental Protection (Duty of Care) (Scotland) Regulations,💚 ENVIRONMENTAL PROTECTION,UK,both,,,,yes,enhesa_import,1.0,strong,territorial,
UK_ssi_2015_250,Town and Country Planning (Hazardous Substances Inquiry Session Procedure) (Scotland) Amendment Rules,💚 TOWN & COUNTRY PLANNING,UK,both,,,,yes,enhesa_import,1.0,strong,material/territorial,
UK_ssi_2015_376,Designation of Nitrate Vulnerable Zones (Scotland) Regulations,💚 POLLUTION,UK,both,,,,yes,enhesa_import,1.0,strong,material/territorial,
UK_ssi_2015_383,Environmental Regulation (Enforcement Measures) (Scotland) Order,💚 ENVIRONMENTAL PROTECTION,S,both,,,,yes,enhesa_import,1.0,strong,territorial,
UK_ssi_2017_101,Electricity Works (Environmental Impact Assessment) (Scotland) Regulations,💚 ENVIRONMENTAL PROTECTION,S,both,,,,yes,enhesa_import,1.0,strong,territorial,
UK_ssi_2017_102,Town and Country Planning (Environmental Impact Assessment) (Scotland) Regulations,💚 TOWN & COUNTRY PLANNING,S,both,,,,yes,enhesa_import,1.0,strong,material/territorial,
UK_ssi_2017_115,Marine Works (Environmental Impact Assessment) (Scotland) Regulations,💚 MARINE & RIVERINE,S,both,,,,yes,enhesa_import,1.0,strong,territorial,
UK_ssi_2017_282,Water Intended for Human Consumption (Private Supplies) (Scotland) Regulations,💚 WATER & WASTEWATER,UK,both,,,,yes,enhesa_import,0.6,probable,territorial,may be disapplied: material:construction_work
UK_ssi_2018_219,Environmental Authorisations (Scotland) Regulations,💚 ENVIRONMENTAL PROTECTION,S,both,,,,yes,enhesa_import,0.6,probable,material/personal/territorial,may be disapplied: material:substances; may be disapplied: territorial:premises
UK_ssi_2019_421,Plant Health (Official Controls and Miscellaneous Provisions) (Scotland) Regulations,💚 PLANT HEALTH,S,both,,,,yes,enhesa_import,0.6,probable,territorial,may be disapplied: material:construction_work
UK_ssi_2020_154,Deposit and Return Scheme for Scotland Regulations,💚 WASTE,S,both,,,,yes,enhesa_import,0.6,probable,personal/territorial,may be disapplied: material:construction_work; time window 2027-10-01 to …
UK_ssi_2021_410,Environmental Protection (Single-use Plastic Products) (Scotland) Regulations,💚 ENVIRONMENTAL PROTECTION,S,both,,,,yes,enhesa_import,0.6,probable,territorial,may be disapplied: territorial:establishment
UK_ukpga_1875_17,Explosives Act,💙 FIRE: Dangerous and Explosive Substances,UK,both,,,,yes,enhesa_import,1.0,strong,material,
UK_ukpga_1920_65,"Employment of Women, Young Persons, and Children Act",💙 OH&S: Occupational / Personal Safety,UK,both,,,,yes,enhesa_import,0.7,probable,personal/territorial,
UK_ukpga_1954_68,Pests Act,💚 AGRICULTURE: Pesticides,,both,,,,yes,enhesa_import,1.0,strong,material/territorial,
UK_ukpga_1957_31,Occupiers’ Liability Act,💙 OH&S: Occupational / Personal Safety,E+W+NI,both,,,,yes,enhesa_import,0.6,probable,personal/territorial,may be disapplied: territorial:scotland
UK_ukpga_1961_34,Factories Act,💙 OH&S: Occupational / Personal Safety,UK,both,,,,yes,enhesa_import,1.0,strong,conditional/material/personal/territorial,
UK_ukpga_1961_64,Public Health Act,💙 HEALTH: Public,E+W,both,,,,yes,enhesa_import,0.6,probable,personal/territorial,may be disapplied: territorial:scotland
UK_ukpga_1968_47,Sewerage (Scotland) Act,💚 WATER & WASTEWATER,S,both,,,,yes,enhesa_import,0.6,probable,material/personal/territorial,may be disapplied: material:substances
UK_ukpga_1968_73,Transport Act,💚 TRANSPORT: Roads & Vehicles,UK,both,,,,yes,enhesa_import,1.0,strong,material/personal/territorial,
UK_ukpga_1969_57,Employers’ Liability (Compulsory Insurance) Act,💜 HR: Insurance / Compensation / Wages / Benefits,GB,both,,,,yes,enhesa_import,0.8,strong,personal,
UK_ukpga_1974_37,Health and Safety at Work etc. Act,💙 OH&S: Occupational / Personal Safety,UK,both,,,,yes,enhesa_import,1.0,strong,material/personal/territorial,
UK_ukpga_1974_40,Control of Pollution Act,💚 POLLUTION,UK,both,,,,yes,enhesa_import,1.0,strong,material/personal/territorial,
UK_ukpga_1975_51,Salmon and Freshwater Fisheries Act,💚 FISHERIES & FISHING,GB,both,,,,yes,enhesa_import,0.6,probable,personal/territorial,may be disapplied: material:substances
UK_ukpga_1976_72,Endangered Species (Import and Export) Act,💚 WILDLIFE & COUNTRYSIDE,,both,,,,yes,enhesa_import,1.0,strong,territorial,
UK_ukpga_1981_69,Wildlife and Countryside Act,💚 WILDLIFE & COUNTRYSIDE,UK,both,,,,yes,enhesa_import,0.6,probable,material/personal/territorial,may be disapplied: conditional:at_work
UK_ukpga_1984_3,Occupiers' Liability Act,💙 OH&S: Occupational / Personal Safety,E+W,both,,,,yes,enhesa_import,1.0,strong,territorial,
UK_ukpga_1984_55,Building Act,💙 PUBLIC: Building Safety,E+W,both,,,,yes,enhesa_import,0.6,probable,material/personal/territorial,may be disapplied: material:waste; may be disapplied: territorial:scotland
UK_ukpga_1988_52,Road Traffic Act,💙 TRANSPORT: Road Safety,UK,both,,,,yes,enhesa_import,0.6,probable,material/personal/territorial,may be disapplied: personal:employer; may be disapplied: territorial:scotland
UK_ukpga_1990_10,Planning (Hazardous Substances) Act,💚 PLANNING & INFRASTRUCTURE,E+W,both,,,,yes,enhesa_import,1.0,strong,material/territorial,
UK_ukpga_1990_43,Environmental Protection Act,💚 ENVIRONMENTAL PROTECTION,UK,both,,,,yes,enhesa_import,0.6,probable,material/personal/territorial,may be disapplied: territorial:aircraft
UK_ukpga_1991_22,New Roads and Street Works Act,💙 TRANSPORT: Road Safety,UK,both,,,,yes,enhesa_import,1.0,strong,territorial,
UK_ukpga_1991_56,Water Industry Act,💚 WATER & WASTEWATER,UK,both,,,,yes,enhesa_import,0.6,probable,material/territorial,may be disapplied: territorial:united_kingdom
UK_ukpga_1991_57,Water Resources Act,💚 WATER & WASTEWATER,GB,both,,,,yes,enhesa_import,1.0,strong,material/personal,
UK_ukpga_1993_11,Clean Air Act,💚 AIR QUALITY,UK,both,,,,yes,enhesa_import,0.6,probable,personal/territorial,may be disapplied: material:chemicals
UK_ukpga_1993_12,Radioactive Substances Act,💚 NUCLEAR & RADIOLOGICAL,UK,both,,,,yes,enhesa_import,1.0,strong,conditional/material/territorial,
UK_ukpga_1995_25,Environment Act,💚 ENVIRONMENTAL PROTECTION,UK,both,,,,yes,enhesa_import,0.6,probable,conditional/material/personal/territorial,may be disapplied: territorial:coastal_waters; time window … to 1990-03-08
UK_ukpga_1996_18,Employment Rights Act,💜 HR: Employment,UK,both,,,,yes,enhesa_import,1.0,strong,conditional/material/personal/territorial,
UK_ukpga_1997_8,Town and Country Planning (Scotland) Act,💚 TOWN & COUNTRY PLANNING,GB,both,,,,yes,enhesa_import,1.0,strong,material/personal/territorial,
UK_ukpga_1999_24,Pollution Prevention and Control Act,💚 POLLUTION,UK,both,,,,yes,bms_import,1.0,strong,territorial,
UK_ukpga_1999_9,Water Industry Act,💚 WATER & WASTEWATER,UK,both,,,,yes,enhesa_import,1.0,strong,territorial,
UK_ukpga_2000_37,Countryside and Rights of Way Act,💚 WILDLIFE & COUNTRYSIDE,UK,both,,,,yes,bms_import,1.0,strong,material/personal/territorial,
UK_ukpga_2003_22,Fireworks Act,💙 PUBLIC,GB,both,,,,yes,enhesa_import,1.0,strong,conditional/material/personal/territorial,
UK_ukpga_2003_37,Water Act,💚 WATER & WASTEWATER,UK,both,,,,yes,enhesa_import,1.0,strong,territorial,
UK_ukpga_2004_20,Energy Act,💚 ENERGY,UK,both,,,,yes,enhesa_import,0.6,probable,material/territorial,may be disapplied: material:substances
UK_ukpga_2005_14,Railways Act,💙 TRANSPORT: Rail Safety,GB,both,,,,yes,enhesa_import,1.0,strong,territorial,
UK_ukpga_2005_16,Clean Neighbourhoods and Environment Act,💚 ENVIRONMENTAL PROTECTION,E+W,both,,,,yes,enhesa_import,1.0,strong,territorial,
UK_ukpga_2006_16,Natural Environment and Rural Communities Act,💚 ENVIRONMENTAL PROTECTION,UK,both,,,,yes,enhesa_import,0.6,probable,material/territorial,may be disapplied: material:construction_work
UK_ukpga_2006_28,Health Act,💙 HEALTH: Public,UK,both,,,,yes,enhesa_import,1.0,strong,material/territorial,
UK_ukpga_2007_19,Corporate Manslaughter and Corporate Homicide Act,💙 OH&S: Occupational / Personal Safety,UK,both,,,,yes,bms_import,1.0,strong,personal/territorial,
UK_ukpga_2008_23,Children and Young Persons Act,,GB,both,,,,yes,enhesa_import,0.6,probable,territorial,time window … to 2008-04-01; time window … to 2008-03-04
UK_ukpga_2008_27,Climate Change Act,💚 CLIMATE CHANGE,UK,both,,,,yes,bms_import,0.6,probable,material/territorial,time window … to 2011-01-01; time window … to 2008-12-01
UK_ukpga_2009_23,Marine and Coastal Access Act,💚 MARINE & RIVERINE,UK,both,,,,yes,enhesa_import,0.6,probable,material/territorial,time window … to 2009-05-08; time window … to 2009-12-31; time window … to 2009-12-03
UK_ukpga_2010_15,Equality Act,💜 HR: Employment,UK,both,,,,yes,enhesa_import,0.6,probable,material/personal/territorial,time window … to 2010-04-01; time window … to 2010-07-01; time window … to 2010-04-08; time window … to 2010-12-31
UK_ukpga_2011_16,Energy Act,💚 ENERGY,UK,both,,,,yes,bms_import,1.0,strong,territorial,
UK_ukpga_2013_10,Scrap Metal Dealers Act,💚 WASTE,E+W,both,,,,yes,bms_import,1.0,strong,territorial,
UK_ukpga_2013_32,Energy Act,💚 ENERGY,UK,both,,,,yes,enhesa_import,0.6,probable,conditional/material/personal/territorial,time window … to 2013-04-08
UK_ukpga_2021_30,Environment Act,💚 ENVIRONMENTAL PROTECTION,UK,both,,,,yes,enhesa_import,0.6,probable,material/personal/territorial,may be disapplied: territorial:united_kingdom; time window … to 2021-08-26
UK_uksi_1981_917,Health and Safety (First-Aid) Regulations,💙 OH&S: Occupational / Personal Safety,GB,both,,,,yes,enhesa_import,0.6,probable,conditional/territorial,may be disapplied: material:vehicle
UK_uksi_1986_1078,Road Vehicles (Construction and Use) Regulations,💙 TRANSPORT: Road Safety,GB,both,,,,yes,enhesa_import,0.6,probable,material/territorial,may be disapplied: material:substances
UK_uksi_1986_1510,Control of Pesticides Regulations,💚 AGRICULTURE: Pesticides,UK,both,,,,yes,enhesa_import,1.0,strong,material,
UK_uksi_1987_1421,Drivers' Hours (Goods Vehicles) (Keeping of Records) Regulations,💙 TRANSPORT: Road Safety,UK,both,,,,yes,enhesa_import,1.0,strong,material/personal,
UK_uksi_1989_1156,Trade Effluents (Prescribed Processes and Substances) Regulations,💚 WATER & WASTEWATER,UK,both,,,,yes,enhesa_import,1.0,strong,material,
UK_uksi_1989_635,Electricity at Work Regulations,💙 OH&S: Gas & Electrical Safety,GB,both,,,,yes,enhesa_import,1.0,strong,conditional/material,
UK_uksi_1989_682,Health and Safety Information for Employees Regulations,💙 OH&S: Occupational / Personal Safety,GB,both,,,,yes,enhesa_import,1.0,strong,personal,
UK_uksi_1990_304,Dangerous Substances (Notification and Marking of Sites) Regulations,💙 FIRE: Dangerous and Explosive Substances,UK,both,,,,yes,enhesa_import,0.6,probable,material,may be disapplied: material:petroleum; may be disapplied: personal:occupier; may be disapplied: territorial:premises
UK_uksi_1992_223,Town and Country Planning (General Permitted Development) (Scotland) Order,💚 TOWN & COUNTRY PLANNING,UK,both,,,,yes,enhesa_import,0.6,probable,personal/territorial,may be disapplied: material:construction_work
UK_uksi_1992_2792,Health and Safety (Display Screen Equipment) Regulations,💙 OH&S: Occupational / Personal Safety,GB,both,,,,yes,enhesa_import,1.0,strong,conditional/material/territorial,
UK_uksi_1992_2793,Manual Handling Operations Regulations,💙 OH&S: Occupational / Personal Safety,GB,both,,,,yes,enhesa_import,0.7,probable,conditional/territorial,
UK_uksi_1992_2966,Personal Protective Equipment at Work Regulations,💙 OH&S: Occupational / Personal Safety,GB,both,,,,yes,enhesa_import,1.0,strong,conditional/personal/territorial,
UK_uksi_1992_3004,"Workplace (Health, Safety and Welfare) Regulations",💙 OH&S: Occupational / Personal Safety,GB,both,,,,yes,enhesa_import,1.0,strong,material/territorial,
UK_uksi_1993_176,Motor Vehicles (Wearing of Seat Belts) Regulations,,GB,both,,,,yes,enhesa_import,0.6,probable,material,may be disapplied: material:construction_work; may be disapplied: conditional:at_work; may be disapplied: personal:person_at_work
UK_uksi_1996_1513,Health and Safety (Consultation with Employees) Regulations,💙 OH&S: Occupational / Personal Safety,GB,both,,,,yes,enhesa_import,0.6,probable,personal/territorial,
UK_uksi_1996_293,Fossil Fuel Levy (Scotland) Regulations,💚 ENERGY,UK,both,,,,yes,enhesa_import,1.0,strong,material,
UK_uksi_1996_341,Health and Safety (Safety Signs and Signals) Regulations,💙 OH&S: Occupational / Personal Safety,GB,both,,,,yes,enhesa_import,1.0,strong,conditional/material/personal/territorial,
UK_uksi_1996_551,Gas Safety (Management) Regulations,💙 OH&S: Gas & Electrical Safety,GB,both,,,,yes,bms_import,1.0,strong,territorial,
UK_uksi_1997_1713,Confined Spaces Regulations,💙 OH&S: Occupational / Personal Safety,GB,both,,,,yes,enhesa_import,0.6,probable,conditional/territorial,may be disapplied: material:construction_work
UK_uksi_1997_2776,Diving at Work Regulations,💙 OH&S: Occupational / Personal Safety,UK,both,,,,yes,bms_import,0.6,probable,conditional/material/territorial,may be disapplied: material:lead
UK_uksi_1998_1833,Working Time Regulations,💜 HR: Working Time,GB,both,,,,yes,enhesa_import,1.0,strong,conditional/material/personal/territorial,
UK_uksi_1998_1856,Private Water Supplies (Scotland) Amendment Regulations,,UK,both,,,,yes,enhesa_import,1.0,strong,territorial,
UK_uksi_1998_2306,Provision and Use of Work Equipment Regulations,💙 OH&S: Occupational / Personal Safety,GB,both,,,,yes,enhesa_import,1.0,strong,material/personal/territorial,
UK_uksi_1998_2307,Lifting Operations and Lifting Equipment Regulations,💙 OH&S: Occupational / Personal Safety,UK,both,,,,yes,enhesa_import,1.0,strong,conditional/material/personal/territorial,
UK_uksi_1998_2451,Gas Safety (Installation and Use) Regulations,💙 OH&S: Gas & Electrical Safety,GB,both,,,,yes,enhesa_import,0.6,probable,material/territorial,may be disapplied: personal:occupier
UK_uksi_1998_2573,Employers' Liability (Compulsory Insurance) Regulations,💜 HR: Insurance / Compensation / Wages / Benefits,UK,both,,,,yes,enhesa_import,1.0,strong,personal,
UK_uksi_1998_494,Health and Safety (Enforcing Authority) Regulations,💙 OH&S: Occupational / Personal Safety,GB,both,,,,yes,bms_import,1.0,strong,conditional/material/territorial,
UK_uksi_1999_3242,Management of Health and Safety at Work Regulations,💙 OH&S: Occupational / Personal Safety,GB,both,,,,yes,enhesa_import,1.0,strong,conditional/personal/territorial,
UK_uksi_1999_3312,Maternity and Parental Leave etc. Regulations,💜 HR: Employment,GB,both,,,,yes,enhesa_import,1.0,strong,personal,
UK_uksi_1999_3323,Transnational Information and Consultation of Employees Regulations,💜 HR: Employment,UK,both,,,,yes,enhesa_import,0.6,probable,material/personal/territorial,may be disapplied: material:lead; time window … to 1996-04-01
UK_uksi_1999_915,Water Protection Zone (River Dee Catchment) Designation Order,💚 WATER & WASTEWATER,UK,both,,,,yes,enhesa_import,1.0,strong,material,
UK_uksi_2000_1043,Environmental Protection (Disposal of Polychlorinated Biphenyls and other Dangerous Substances) (England and Wales) Regulations,💚 WASTE,E+W,both,,,,yes,enhesa_import,0.6,probable,material/territorial,may be disapplied: material:lead
UK_uksi_2000_128,Pressure Systems Safety Regulations,💙 OH&S: Occupational / Personal Safety,GB,both,,,,yes,enhesa_import,1.0,strong,conditional/material/personal/territorial,
UK_uksi_2001_2954,Control of Pollution (Oil Storage) (England) Regulations,💚 WATER & WASTEWATER,E+W,both,,,,yes,enhesa_import,1.0,strong,territorial,
UK_uksi_2002_2676,Control of Lead at Work Regulations,💙 OH&S: Occupational / Personal Safety,GB,both,,,,yes,enhesa_import,0.6,probable,conditional/material/personal/territorial,may be disapplied: material:construction_work
UK_uksi_2002_2677,Control of Substances Hazardous to Health Regulations,💙 OH&S: Occupational / Personal Safety,GB,both,,,,yes,enhesa_import,1.0,strong,conditional/material/personal/territorial,
UK_uksi_2002_2776,Dangerous Substances and Explosive Atmospheres Regulations,💙 FIRE: Dangerous and Explosive Substances,GB,both,,,,yes,enhesa_import,0.6,probable,conditional/material/personal/territorial,may be disapplied: material:construction_work
UK_uksi_2002_2786,Air Navigation (Dangerous Goods) Regulations,💙 TRANSPORT: Air Safety,UK,both,,,,yes,enhesa_import,1.0,strong,material/personal/territorial,
UK_uksi_2002_2788,Paternity and Adoption Leave Regulations,💜 HR: Employment,GB,both,,,,yes,enhesa_import,1.0,strong,personal,
UK_uksi_2003_1082,Ammonium Nitrate Materials (High Nitrogen Content) Safety Regulations,💙 FIRE: Dangerous and Explosive Substances,GB,both,,,,yes,enhesa_import,0.6,probable,territorial,may be disapplied: material:explosives; may be disapplied: territorial:premises
UK_uksi_2003_1848,Air Quality (Ozone) (Wales) Regulations,💚 ENVIRONMENTAL PROTECTION,UK,both,,,,yes,enhesa_import,1.0,strong,territorial,
UK_uksi_2003_1998,Road Vehicles (Authorisation of Special Types) (General) Order,,GB,both,,,,yes,enhesa_import,0.6,probable,material/territorial,may be disapplied: material:construction_work
UK_uksi_2003_2635,End-of-Life Vehicles Regulations,💚 TRANSPORT: Roads & Vehicles,UK,both,,,,yes,enhesa_import,1.0,strong,material,
UK_uksi_2004_1490,Landfill Allowances Scheme (Wales) Regulations,💚 ENVIRONMENTAL PROTECTION,E+W,both,,,,yes,enhesa_import,1.0,strong,,
UK_uksi_2004_1656,Environmental Assessment of Plans and Programmes (Wales) Regulations,💚 ENVIRONMENTAL PROTECTION,E+W,both,,,,yes,enhesa_import,1.0,strong,territorial,
UK_uksi_2004_1769,Justification of Practices Involving Ionising Radiation Regulations,💚 NUCLEAR & RADIOLOGICAL,UK,both,,,,yes,enhesa_import,1.0,strong,material/territorial,
UK_uksi_2004_3426,Information and Consultation of Employees Regulations,💜 HR: Employment,GB,both,,,,yes,enhesa_import,0.6,probable,personal/territorial,may be disapplied: material:construction_work
UK_uksi_2005_1093,Control of Vibration at Work Regulations,💙 OH&S: Occupational / Personal Safety,GB,both,,,,yes,enhesa_import,1.0,strong,conditional/personal/territorial,
UK_uksi_2005_1140,Passenger and Goods Vehicles (Recording Equipment) (Tachograph Card Fees) Regulations,💙 TRANSPORT: Road Safety,GB,both,,,,yes,enhesa_import,1.0,strong,material/territorial,
UK_uksi_2005_1541,Regulatory Reform (Fire Safety) Order,💙 FIRE,E+W,both,,,,yes,enhesa_import,0.6,probable,material/personal/territorial,may be disapplied: material:explosives; may be disapplied: personal:worker
UK_uksi_2005_1643,Control of Noise at Work Regulations,💙 OH&S: Occupational / Personal Safety,GB,both,,,,yes,enhesa_import,1.0,strong,conditional/personal/territorial,
UK_uksi_2005_1803,General Product Safety Regulations,💙 PUBLIC: Consumer / Product Safety,UK,both,,,,yes,bms_import,1.0,strong,material/personal/territorial,
UK_uksi_2005_1806,Hazardous Waste (Wales) Regulations,💚 ENVIRONMENTAL PROTECTION,E+W,both,,,,yes,enhesa_import,1.0,strong,material/territorial,
UK_uksi_2005_639,Road Transport (Working Time) Regulations,💙 TRANSPORT: Road Safety,GB,both,,,,yes,enhesa_import,0.6,probable,material/personal/territorial,may be disapplied: material:construction_work; may be disapplied: territorial:scotland
UK_uksi_2005_735,Work at Height Regulations,💙 OH&S: Occupational / Personal Safety,GB,both,,,,yes,enhesa_import,0.6,probable,material/personal/territorial,may be disapplied: material:construction_work
UK_uksi_2005_894,Hazardous Waste (England and Wales)Regulations,💚 WASTE,E+W,both,,,,yes,enhesa_import,1.0,strong,material/personal/territorial,
UK_uksi_2006_1379,Radioactive Contaminated Land (Modification of Enactments)(England) Regulations,💚 NUCLEAR & RADIOLOGICAL,GB,both,,,,yes,enhesa_import,1.0,strong,material/territorial,
UK_uksi_2006_1380,Contaminated Land (England) Regulations,💚 POLLUTION,UK,both,,,,yes,enhesa_import,1.0,strong,territorial,
UK_uksi_2006_1713,Management of Houses in Multiple Occupation (Wales) Regulations,💙 PUBLIC: Building Safety,E+W,both,,,,yes,enhesa_import,0.6,probable,territorial,may be disapplied: personal:occupier
UK_uksi_2006_1937,Passenger and Goods Vehicles (Recording Equipment) (Tachograph Card) Regulations,,UK,both,,,,yes,enhesa_import,1.0,strong,material,
UK_uksi_2006_2989,Contaminated Land (Wales) Regulations,💚 ENVIRONMENTAL PROTECTION,E+W,both,,,,yes,enhesa_import,1.0,strong,territorial,
UK_uksi_2006_937,Waste Management (England and Wales) Regulations,💚 WASTE,E+W,both,,,,yes,bms_import,1.0,strong,material/personal/territorial,
UK_uksi_2007_605,Vehicle Drivers (Certificates of Professional Competence) Regulations,💙 TRANSPORT: Road Safety,UK,both,,,,yes,enhesa_import,0.6,probable,material,may be disapplied: material:construction_work
UK_uksi_2007_760,Smoke-free (Vehicle Operators and Penalty Notices) Regulations,💙 HEALTH: Public,UK,both,,,,yes,enhesa_import,1.0,strong,material/personal/territorial,
UK_uksi_2007_79,Sulphur Content of Liquid Fuels (England and Wales) Regulations,💚 AIR QUALITY,E+W,both,,,,yes,enhesa_import,0.6,probable,personal/territorial,may be disapplied: material:petroleum; time window … to 2016-01-01
UK_uksi_2008_1597,Supply of Machinery (Safety) Regulations,💙 OH&S: Occupational / Personal Safety,UK,both,,,,yes,enhesa_import,1.0,strong,material/personal/territorial,
UK_uksi_2008_295,Controlled Drugs (Drug Precursors)(Intra-Community Trade) Regulations,💙 HEALTH: Drug & Medicine Safety,UK,both,,,,yes,enhesa_import,0.6,probable,material/territorial,may be disapplied: territorial:scotland
UK_uksi_2008_296,Controlled Drugs (Drug Precursors)(Community External Trade) Regulations,💙 HEALTH: Drug & Medicine Safety,UK,both,,,,yes,enhesa_import,0.6,probable,material/territorial,may be disapplied: territorial:scotland
UK_uksi_2008_663,Environmental Offences (Fixed Penalties) (Miscellaneous Provisions) (Wales) Regulations,💚 ENVIRONMENTAL PROTECTION,UK,both,,,,yes,enhesa_import,1.0,strong,territorial,
UK_uksi_2009_1348,Carriage of Dangerous Goods and Use of Transportable Pressure Equipment Regulations,💙 OH&S: Occupational / Personal Safety,GB,both,,,,yes,enhesa_import,0.6,probable,material/personal/territorial,"may be disapplied: personal:employer,employee; may be disapplied: personal:worker; may be disapplied: material:construction_work; time window … to 2009-12-01"
UK_uksi_2009_890,Waste Batteries and Accumulators Regulations,💚 WASTE,UK,both,,,,yes,enhesa_import,0.6,probable,material/personal/territorial,may be disapplied: territorial:scotland
UK_uksi_2010_1001,Air Quality Standards Regulations,💚 AIR QUALITY,UK,both,,,,yes,enhesa_import,1.0,strong,territorial,
UK_uksi_2010_1140,Control of Artificial Optical Radiation at Work Regulations,💙 OH&S: Occupational / Personal Safety,UK,both,,,,yes,enhesa_import,1.0,strong,conditional/personal/territorial,
UK_uksi_2010_1157,Environmental Civil Sanctions (England) Order,💚 ENVIRONMENTAL PROTECTION,UK,both,,,,yes,enhesa_import,1.0,strong,territorial,
UK_uksi_2010_1433,Air Quality Standards (Wales) Regulations,💚 ENVIRONMENTAL PROTECTION,E+W,both,,,,yes,enhesa_import,1.0,strong,territorial,
UK_uksi_2010_2214,Building Regulations,💙 PUBLIC: Building Safety,E+W,both,,,,yes,enhesa_import,0.6,probable,material/personal/territorial,may be disapplied: material:construction_work; time window … to 2010-04-01
UK_uksi_2010_471,Fire Safety (Employees’ Capabilities) (England) Regulations,💙 FIRE,UK,both,,,,yes,enhesa_import,1.0,strong,personal/territorial,
UK_uksi_2011_988,Waste (England and Wales) Regulations,💚 WASTE,UK,both,,,,yes,enhesa_import,1.0,strong,material/territorial,
UK_uksi_2012_1536,Smoke-free (Signs) Regulations,💙 HEALTH: Public,UK,both,,,,yes,enhesa_import,1.0,strong,territorial,
UK_uksi_2012_3118,Energy Performance of Buildings (England and Wales) Regulations,💚 BUILDINGS,E+W,both,,,,yes,enhesa_import,0.6,probable,material/territorial,may be disapplied: material:construction_work; time window … to 2008-01-01
UK_uksi_2012_605,Town and Country Planning (Tree Preservation)(England) Regulations,💚 TOWN & COUNTRY PLANNING,E+W,both,,,,yes,enhesa_import,1.0,strong,territorial,
UK_uksi_2012_632,Control of Asbestos Regulations,💙 OH&S: Occupational / Personal Safety,UK,both,,,,yes,enhesa_import,0.6,probable,conditional/material/personal/territorial,may be disapplied: material:laboratory
UK_uksi_2012_811,Controlled Waste (England and Wales) Regulations,💚 WASTE,E+W,both,,,,yes,enhesa_import,1.0,strong,territorial,
UK_uksi_2013_1471,"Reporting of Injuries, Diseases and Dangerous Occurrences Regulations",💙 OH&S: Occupational / Personal Safety,UK,both,,,,yes,enhesa_import,0.6,probable,territorial,may be disapplied: material:vehicle; may be disapplied: territorial:workplace
UK_uksi_2013_3113,Waste Electrical and Electronic Equipment Regulations,💚 WASTE,UK,both,,,,yes,enhesa_import,0.6,probable,material/personal,may be disapplied: material:waste; may be disapplied: territorial:united_kingdom
UK_uksi_2013_645,Health and Safety (Sharp Instruments in Healthcare) Regulations,💙 OH&S: Occupational / Personal Safety,UK,both,,,,yes,bms_import,1.0,strong,conditional/personal/territorial,
UK_uksi_2014_1637,Petroleum (Consolidation) Regulations,💙 FIRE: Dangerous and Explosive Substances,GB,both,,,,yes,enhesa_import,0.6,probable,material/territorial,time window … to 2014-05-08
UK_uksi_2014_1638,Explosives Regulations,💙 FIRE: Dangerous and Explosive Substances,UK,both,,,,yes,enhesa_import,0.6,probable,conditional/material/personal/territorial,time window … to 2014-07-09; time window … to 2014-11-07
UK_uksi_2014_1639,Acetylene Safety (England and Wales and Scotland) Regulations,💙 FIRE: Dangerous and Explosive Substances,UK,both,,,,yes,enhesa_import,1.0,strong,territorial,
UK_uksi_2014_3318,Clean Air (Miscellaneous Provisions) (England) Regulations,💚 AIR QUALITY,GB,both,,,,yes,enhesa_import,0.6,probable,territorial,may be disapplied: territorial:premises; may be disapplied: material:chemicals
UK_uksi_2015_1553,Pyrotechnic Articles (Safety) Regulations,💙 FIRE: Dangerous and Explosive Substances,UK,both,,,,yes,bms_import,1.0,strong,material/personal,
UK_uksi_2015_310,Fluorinated Greenhouse Gases Regulations,💚 CLIMATE CHANGE,UK,both,,,,yes,enhesa_import,0.8,strong,territorial,
UK_uksi_2015_483,Control of Major Accident Hazards Regulations,💙 OH&S: Occupational / Personal Safety,GB,both,,,,yes,enhesa_import,1.0,strong,material/personal/territorial,
UK_uksi_2015_595,Town and Country Planning (Development Management Procedure) (England) Order,💚 TOWN & COUNTRY PLANNING,E+W,both,,,,yes,enhesa_import,0.6,probable,territorial,may be disapplied: material:construction_work
UK_uksi_2015_596,Town and Country Planning (General Permitted Development) (England) Order,💚 TOWN & COUNTRY PLANNING,E+W,both,,,,yes,enhesa_import,1.0,strong,territorial,
UK_uksi_2015_627,Planning (Hazardous Substances) Regulations,💚 PLANNING & INFRASTRUCTURE,E+W,both,,,,yes,enhesa_import,1.0,strong,material/territorial,
UK_uksi_2015_810,Environmental Damage (Prevention and Remediation) (England) Regulations,💚 ENVIRONMENTAL PROTECTION,UK,both,,,,yes,enhesa_import,1.0,strong,personal/territorial,
UK_uksi_2016_1091,Electromagnetic Compatibility Regulations,💙 PUBLIC: Consumer / Product Safety,UK,both,,,,yes,enhesa_import,1.0,strong,material/personal,
UK_uksi_2016_1092,Simple Pressure Vessels (Safety) Regulations,💙 PUBLIC: Consumer / Product Safety,UK,both,,,,yes,enhesa_import,0.6,probable,personal,may be disapplied: material:construction_work
UK_uksi_2016_1093,Lifts Regulations,💙 PUBLIC: Consumer / Product Safety,UK,both,,,,yes,enhesa_import,1.0,strong,material/personal,
UK_uksi_2016_1101,Electrical Equipment (Safety) Regulations,💙 PUBLIC: Consumer / Product Safety,UK,both,,,,yes,enhesa_import,0.6,probable,material/personal/territorial,"may be disapplied: material:explosives; may be disapplied: territorial:ship,aircraft"
UK_uksi_2016_1105,Pressure Equipment (Safety) Regulations,💙 PUBLIC: Consumer / Product Safety,UK,both,,,,yes,enhesa_import,0.6,probable,material/personal,time window … to 2016-04-07
UK_uksi_2016_1107,Equipment and Protective Systems Intended for Use in Potentially Explosive Atmospheres Regulations,💙 FIRE: Dangerous and Explosive Substances,GB,both,,,,yes,enhesa_import,0.6,probable,material/personal/territorial,time window … to 2016-04-08
UK_uksi_2016_1154,Environmental Permitting (England and Wales) Regulations,💚 ENVIRONMENTAL PROTECTION,E+W,both,,,,yes,enhesa_import,0.6,probable,material/personal/territorial,may be disapplied: material:lead; time window … to 2010-04-01; time window … to 2016-04-08
UK_uksi_2016_359,Water Resources (Control of Pollution) (Oil Storage) (Wales) Regulations,💚 WATER & WASTEWATER,E+W,both,,,,yes,enhesa_import,1.0,strong,material/territorial,
UK_uksi_2016_588,Control of Electromagnetic Fields at Work Regulations,💙 OH&S: Gas & Electrical Safety,GB,both,,,,yes,enhesa_import,0.6,probable,conditional,may be disapplied: personal:employee; may be disapplied: territorial:premises
UK_uksi_2016_618,Private Water Supplies (England) Regulations,💚 WATER & WASTEWATER,UK,both,,,,yes,enhesa_import,1.0,strong,territorial,
UK_uksi_2016_721,Dangerous Goods in Harbour Areas Regulations,💙 FIRE: Dangerous and Explosive Substances,GB,both,,,,yes,enhesa_import,1.0,strong,conditional/material/territorial,
UK_uksi_2017_1012,Conservation of Habitats and Species Regulations,💚 WILDLIFE & COUNTRYSIDE,UK,both,,,,yes,enhesa_import,0.6,probable,territorial,may be disapplied: material:waste
UK_uksi_2017_1075,Ionising Radiations Regulations,💚 NUCLEAR & RADIOLOGICAL,GB,both,,,,yes,enhesa_import,1.0,strong,conditional/material/personal/territorial,
UK_uksi_2017_530,Town and Country Planning (Enforcement Notices and Appeals) (Wales) Regulations,💚 TOWN & COUNTRY PLANNING,UK,both,,,,yes,enhesa_import,1.0,strong,material/territorial,
UK_uksi_2017_571,Town and Country Planning (Environmental Impact Assessment) Regulations,💚 TOWN & COUNTRY PLANNING,UK,both,,,,yes,enhesa_import,0.6,probable,territorial,may be disapplied: material:construction_work
UK_uksi_2017_572,Infrastructure Planning (Environmental Impact Assessment) Regulations,💚 PLANNING & INFRASTRUCTURE,UK,both,,,,yes,enhesa_import,1.0,strong,material,
UK_uksi_2018_110,Environmental Permitting (England and Wales) (Amendment) Regulations,💚 POLLUTION,UK,both,,,,yes,bms_import,0.6,probable,material/personal,time window … to 2025-01-01
UK_uksi_2018_428,Environmental Permitting (England and Wales) (Amendment) (No. 2) Regulations,💚 POLLUTION,UK,both,,,,yes,bms_import,1.0,strong,material/personal,
UK_uksi_2019_1517,Official Controls (Plant Health and Genetically Modified Organisms) (England) Regulations,💚 GMOs,E+W,both,,,,yes,enhesa_import,0.6,probable,territorial,may be disapplied: personal:operator
UK_uksi_2019_703,Radiation (Emergency Preparedness and Public Information) Regulations,💚 NUCLEAR & RADIOLOGICAL,GB,both,,,,yes,enhesa_import,0.6,probable,material/personal/territorial,may be disapplied: material:construction_work; may be disapplied: personal:worker
UK_uksi_2019_758,REACH etc. (Amendment etc.) (EU Exit) Regulations,💙 PUBLIC: Consumer / Product Safety,UK,both,,,,yes,enhesa_import,1.0,strong,material/territorial,
UK_uksi_2020_1542,Common Fisheries Policy (Amendment etc.) (EU Exit) Regulations,💚 FISHERIES & FISHING,UK,both,,,,yes,enhesa_import,1.0,strong,material/territorial,
UK_uksi_2020_594,Waste (Prescribed Enactments) (Wales) Regulations,💚 ENVIRONMENTAL PROTECTION,UK,both,,,,yes,enhesa_import,1.0,strong,,
UK_uksi_2020_971,"Environmental Protection (Plastic Straws, Cotton Buds and Stirrers) (England) Regulations",💚 ENVIRONMENTAL PROTECTION,E+W,both,,,,yes,enhesa_import,0.6,probable,territorial,may be disapplied: territorial:establishment; may be disapplied: material:substances
UK_uksi_2021_426,"Official Controls, Plant Health, Seeds and Seed Potatoes (Amendment etc.) Regulations",💚 PLANT HEALTH,UK,both,,,,yes,enhesa_import,1.0,strong,territorial,
UK_uksi_2022_547,Fire Safety (England) Regulations,💙 FIRE,E+W,both,,,,yes,enhesa_import,1.0,strong,territorial,
UK_uksi_2023_187,Local Government (Structural Changes) (Supplementary Provision and Amendment) Order,,UK,both,,,,yes,enhesa_import,1.0,strong,,
UK_uksi_2023_524,Road Vehicles (Authorisation of Special Types) (General) (Amendment) Order,💙 TRANSPORT: Road Safety,UK,both,,,,yes,enhesa_import,1.0,strong,material/territorial,
UK_uksi_2023_753,Building Safety (Responsible Actors Scheme and Prohibitions) Regulations,💙 PUBLIC: Building Safety,E+W,both,,,,yes,enhesa_import,1.0,strong,territorial,
UK_uksi_2023_787,Merchant Shipping (Counting and Registration of Persons on Board Passenger Ships) (Amendment) Regulations,💙 TRANSPORT: Maritime Safety,UK,both,,,,yes,enhesa_import,0.85,strong,territorial,
UK_uksi_2023_907,Higher-Risk Buildings (Management of Safety Risks etc) (England) Regulations,💙 PUBLIC: Building Safety,E+W,both,,,,yes,enhesa_import,1.0,strong,territorial,
UK_uksi_2023_909,Building (Higher-Risk Buildings Procedures) (England) Regulations,💙 PUBLIC: Building Safety,E+W,both,,,,yes,enhesa_import,1.0,strong,material/personal/territorial,
UK_uksi_2023_982,Environmental Protection (Plastic Plates etc. and Polystyrene Containers etc.) (England) Regulations,💚 ENVIRONMENTAL PROTECTION,UK,both,,,,yes,enhesa_import,1.0,strong,territorial,
UK_uksi_2024_110,Building (Registered Building Control Approvers etc.) (England) Regulations,💙 PUBLIC: Building Safety,E+W,both,,,,yes,enhesa_import,1.0,strong,material/personal/territorial,
UK_uksi_2024_41,Higher-Risk Buildings (Keeping and Provision of Information etc.) (England) Regulations,💙 PUBLIC: Building Safety,UK,both,,,,yes,enhesa_import,1.0,strong,material/personal/territorial,
UK_uksi_2024_45,Biodiversity Gain Site Register Regulations,💚 WILDLIFE & COUNTRYSIDE,UK,both,,,,yes,enhesa_import,1.0,strong,material/personal/territorial,
UK_uksi_2024_46,Biodiversity Gain Site Register (Financial Penalties and Fees) Regulations,💚 WILDLIFE & COUNTRYSIDE,UK,both,,,,yes,enhesa_import,1.0,strong,territorial,
UK_uksi_2024_47,Biodiversity Gain Requirements (Exemptions) Regulations,💚 WILDLIFE & COUNTRYSIDE,UK,both,,,,yes,enhesa_import,1.0,strong,territorial,
UK_uksi_2024_48,Biodiversity Gain Requirements (Irreplaceable Habitat) Regulations,💚 WILDLIFE & COUNTRYSIDE,UK,both,,,,yes,enhesa_import,0.6,probable,territorial,may be disapplied: material:construction_work
UK_wsi_2016_359,Water Resources (Control of Pollution) (Oil Storage) (Wales) Regulations,💚 WATER & WASTEWATER,UK,both,,,,yes,bms_import,1.0,strong,material/territorial,
UK_wsi_2017_544,Town and Country Planning (Referred Applications and Appeals Procedure) (Wales) Regulations,💚 TOWN & COUNTRY PLANNING,UK,both,,,,yes,enhesa_import,0.6,probable,territorial,time window … to 2023-10-01
UK_wsi_2020_1211,Smoke-free Premises and Vehicles (Wales) Regulations,💙 HEALTH: Public,UK,both,,,,yes,enhesa_import,0.6,probable,territorial,time window … to 2020-07-01
UK_asp_2008_5,Public Health etc. (Scotland) Act,💙 HEALTH: Public,S,register_only,classification,not_making,,yes,bms_import,,,,
UK_asp_2011_6,Wildlife and Natural Environment (Scotland) Act,💚 WILDLIFE & COUNTRYSIDE,S,register_only,classification,not_making,,yes,bms_import,,,,
UK_eudn_2000_532,Commission Decision of 3 May 2000 replacing Decision 94/3/EC establishing a list of wastes pursuant to Article 1(a) of Council Directive 75/442/EEC on waste and Council Decision 94/904/EC establishing a list of hazardous waste pursuant to Article 1(4) of Council Directive 91/689/EEC on hazardous waste (notified under document number C(2000) 1147) (Text with EEA relevance) (2000/532/EC),💚 WASTE,UK,register_only,classification,not_making,,yes,enhesa_import,,,,
UK_eudn_2019_1202,Commission Implementing Decision (EU) 2019/1202 of 12 July 2019 on the harmonised standards for equipment and protective systems intended for use in potentially explosive atmospheres drafted in support of Directive 2014/34/EU of the European Parliament and of the Council,,UK,register_only,classification,not_making,,yes,enhesa_import,,,,
UK_eudr_2000_78,Council Directive 2000/78/EC of 27 November 2000 establishing a general framework for equal treatment in employment and occupation,💜 HR: Employment,,register_only,classification,not_making,,yes,enhesa_import,,,,
UK_eudr_2001_42,Directive 2001/42/EC of the European Parliament and of the Council of 27 June 2001 on the assessment of the effects of certain plans and programmes on the environment,💚 ENVIRONMENTAL PROTECTION,,register_only,classification,not_making,,yes,enhesa_import,,,,
UK_eudr_2002_15,Directive 2002/15/EC of the European Parliament and of the Council of 11 March 2002 on the organisation of the working time of persons performing mobile road transport activities,💙 TRANSPORT: Road Safety,,register_only,classification,not_making,,yes,enhesa_import,,,,
UK_eudr_2003_88,Directive 2003/88/EC of the European Parliament and of the Council of 4 November 2003 concerning certain aspects of the organisation of working time,💜 HR: Employment,,register_only,classification,not_making,,yes,enhesa_import,,,,
UK_eur_2008_307,"Commission Regulation (EC) No 307/2008 of 2 April 2008 establishing, pursuant to Regulation (EC) No 842/2006 of the European Parliament and of the Council, minimum requirements for training programmes and the conditions for mutual recognition of training attestations for personnel as regards air-conditioning systems in certain motor vehicles containing certain fluorinated greenhouse gases (Text with EEA relevance)",💚 CLIMATE CHANGE,UK,register_only,classification,not_making,,yes,enhesa_import,,,,
UK_eur_2016_1387,Commission Delegated Regulation (EU) 2016/1387 of 9 June 2016 amending Annexes I and III to Council Regulation (EC) No 2173/2005 following a Voluntary Partnership Agreement with Indonesia for a FLEGT licensing scheme for imports of timber into the European Union,💚 TREES: Forestry & Timber,UK,register_only,classification,not_making,,yes,enhesa_import,,,,
UK_ssi_2000_149,Children (Protection at Work) (Scotland) Regulations,💙 OH&S: Occupational / Personal Safety,UK,register_only,classification,not_making,,yes,bms_import,,,,
UK_ssi_2004_112,Special Waste Amendment (Scotland) Regulations,💚 WASTE,S,register_only,classification,not_making,,yes,enhesa_import,,,,
UK_ssi_2004_204,Special Waste Amendment (Scotland) Amendment Regulations,💚 WASTE,UK,register_only,classification,not_making,,yes,bms_import,,,,
UK_ssi_2004_332,Town and Country Planning (Electronic Communications) (Scotland) Order,💚 TOWN & COUNTRY PLANNING,UK,register_only,classification,not_making,,yes,enhesa_import,,,,
UK_ssi_2004_512,Control of Volatile Organic Compounds (Petrol Vapour Recovery) (Scotland) Regulations,💚 AIR QUALITY,S,register_only,classification,not_making,,yes,enhesa_import,,,,
UK_ssi_2005_172,Building (Forms) (Scotland) Regulations,💙 PUBLIC: Building Safety,UK,register_only,classification,not_making,,yes,enhesa_import,,,,
UK_ssi_2005_22,Waste (Scotland) Regulations,💚 WASTE,UK,register_only,classification,not_making,,yes,enhesa_import,,,,
UK_ssi_2005_52,Waste and Emissions Trading Act 2003 (Commencement) (Scotland) Order,💚 WASTE,UK,register_only,classification,not_making,,yes,enhesa_import,,,,
UK_ssi_2005_63,Water (Prevention of Pollution) (Code of Practice) (Scotland) Order,💚 POLLUTION,UK,register_only,classification,not_making,,yes,enhesa_import,,,,
UK_ssi_2005_658,Contaminated Land (Scotland) Regulations,💚 POLLUTION,UK,register_only,classification,not_making,,yes,bms_import,,,,
UK_ssi_2005_66,Possession of Pesticides (Scotland) Order,💚 AGRICULTURE: Pesticides,UK,register_only,classification,not_making,,yes,enhesa_import,,,,
UK_ssi_2006_140,Children (Protection at Work) (Scotland) Regulations,💙 OH&S: Occupational / Personal Safety,S,register_only,classification,not_making,,yes,enhesa_import,,,,
UK_ssi_2006_155,Sewerage Nuisance (Code of Practice) (Scotland) Order,💚 WATER & WASTEWATER,UK,register_only,classification,not_making,,yes,enhesa_import,,,,
UK_ssi_2006_181,Water Environment (Consequential and Savings Provisions) (Scotland) Order,💚 WATER & WASTEWATER,UK,register_only,classification,not_making,,yes,enhesa_import,,,,
UK_ssi_2007_179,Radioactive Contaminated Land (Scotland) Regulations,💚 NUCLEAR & RADIOLOGICAL,S,register_only,classification,not_making,,yes,bms_import,,,,
UK_ssi_2008_221,Register of Sites of Special Scientific Interest (Scotland) Regulations,💚 WILDLIFE & COUNTRYSIDE,UK,register_only,classification,not_making,,yes,bms_import,,,,
UK_ssi_2009_202,Radioactive Contaminated Land (Scotland) Amendment Regulations,💚 NUCLEAR & RADIOLOGICAL,,register_only,classification,not_making,,yes,bms_import,,,,
UK_ssi_2009_378,Planning (Control of Major–Accident Hazards) (Scotland) Regulations,💚 PLANNING & INFRASTRUCTURE,UK,register_only,classification,not_making,,yes,bms_import,,,,
UK_ssi_2009_9,Public Health etc. (Scotland) Act 2008 (Commencement No. 1) Order,,UK,register_only,classification,not_making,,yes,bms_import,,,,
UK_ssi_2010_434,Town and Country Planning (Tree Preservation Order and Trees in Conservation Areas) (Scotland) Regulations,💚 TOWN & COUNTRY PLANNING,UK,register_only,classification,not_making,,yes,enhesa_import,,,,
UK_ssi_2010_435,Waste Information (Scotland) Regulations,💚 WASTE,UK,register_only,classification,not_making,,yes,enhesa_import,,,,
UK_ssi_2011_207,Radioactive Substances Act 1993 Amendment (Scotland) Regulations,💚 NUCLEAR & RADIOLOGICAL,UK,register_only,classification,not_making,,yes,bms_import,,,,
UK_ssi_2011_226,Waste (Scotland) Regulations,💚 WASTE,S,register_only,classification,not_making,,yes,enhesa_import,,,,
UK_ssi_2011_368,Water Environment (Relevant Enactments and Designation of Responsible Authorities and Functions) (Scotland) Order 2011,💚 WATER & WASTEWATER,UK,register_only,classification,not_making,,yes,enhesa_import,,,,
UK_ssi_2011_418,Control of Volatile Organic Compounds (Petrol Vapour Recovery) (Scotland) Regulations,💚 AIR QUALITY,S,register_only,classification,not_making,,yes,enhesa_import,,,,
UK_ssi_2012_148,Waste (Scotland) Regulations,💚 WASTE,S,register_only,classification,not_making,,yes,enhesa_import,,,,
UK_ssi_2012_214,Green Deal (Acknowledgment) (Scotland) Regulations,💚 CLIMATE CHANGE,UK,register_only,classification,not_making,,yes,enhesa_import,,,,
UK_ssi_2014_367,Scottish Landfill Tax (Prescribed Landfill Site Activities) Order,💚 WASTE,S,register_only,classification,not_making,,yes,enhesa_import,,,,
UK_ssi_2015_188,Waste (Meaning of Hazardous Waste and European Waste Catalogue) (Miscellaneous Amendments) (Scotland) Regulations,💚 WASTE,S,register_only,classification,not_making,,yes,enhesa_import,,,,
UK_ssi_2015_214,Environmental Liability (Scotland) Amendment Regulations,💚 ENVIRONMENTAL PROTECTION,UK,register_only,classification,not_making,,yes,enhesa_import,,,,
UK_ssi_2016_292,Smoke Control Areas (Exempted Fireplaces) (Scotland) Revocation Order,💚 AIR QUALITY,UK,register_only,classification,not_making,,yes,enhesa_import,,,,
UK_ssi_2016_293,Smoke Control Areas (Authorised Fuels) (Scotland) Revocation Regulations,💚 AIR QUALITY,UK,register_only,classification,not_making,,yes,enhesa_import,,,,
UK_ssi_2021_50,Personal Protective Equipment (Temporary Arrangements) (Coronavirus) (Scotland) Regulations,💙 HEALTH: Coronavirus,UK,register_only,classification,not_making,,yes,enhesa_import,,,,
UK_ssi_2024_139,Water Supply (Water Fittings) (Scotland) Byelaws Extension Order,💚 WATER & WASTEWATER,UK,register_only,classification,not_making,,yes,enhesa_import,,,,
UK_ssi_2026_49,Town and Country Planning (Fees for Applications) (Scotland) Amendment Regulations,💚 TOWN & COUNTRY PLANNING,UK,register_only,classification,not_making,,yes,enhesa_import,,,,
UK_ukpga_1883_3,Explosive Substances Act,💙 FIRE: Dangerous and Explosive Substances,UK,register_only,classification,not_making,,yes,bms_import,,,,
UK_ukpga_1933_13,Foreign Judgments (Reciprocal Enforcement) Act,,,register_only,classification,not_making,,yes,enhesa_import,,,,
UK_ukpga_1947_41,Fire Services Act,,GB,register_only,classification,not_making,,yes,enhesa_import,,,,
UK_ukpga_1947_48,Agriculture Act,💚 AGRICULTURE,UK,register_only,classification,not_making,,yes,enhesa_import,,,,
UK_ukpga_1947_53,Town and Country Planning (Scotland) Act,💚 TOWN & COUNTRY PLANNING,,register_only,classification,not_making,,yes,enhesa_import,,,,
UK_ukpga_1949_55,Prevention of Damage by Pests Act,💚 AGRICULTURE: Pesticides,UK,register_only,classification,not_making,,yes,bms_import,,,,
UK_ukpga_1959_66,Obscene Publications Act,💙 PUBLIC,E+W,register_only,classification,not_making,,yes,bms_import,,,,
UK_ukpga_1964_74,Obscene Publications Act,💙 PUBLIC,E+W,register_only,classification,not_making,,yes,bms_import,,,,
UK_ukpga_1986_14,Animals (Scientific Procedures) Act,💚 ANIMALS & ANIMAL HEALTH,UK,register_only,classification,not_making,,yes,bms_import,,,,
UK_ukpga_1989_6,Official Secrets Act,,,register_only,classification,not_making,,yes,bms_import,,,,
UK_ukpga_1990_18,Computer Misuse Act,💙 PUBLIC: Data,UK,register_only,classification,not_making,,yes,bms_import,,,,
UK_ukpga_1991_40,Road Traffic Act,💙 TRANSPORT: Road Safety,UK,register_only,classification,not_making,,yes,bms_import,,,,
UK_ukpga_1998_33,Landmines Act,💙 FIRE: Dangerous and Explosive Substances,UK,register_only,classification,not_making,,yes,bms_import,,,,
UK_ukpga_2006_46,Companies Act,,UK,register_only,classification,not_making,,yes,enhesa_import,,,,
UK_ukpga_2008_20,Health and Safety (Offences) Act,💙 OH&S: Occupational / Personal Safety,UK,register_only,classification,not_making,,yes,bms_import,,,,
UK_ukpga_2010_11,Cluster Munitions (Prohibitions) Act,💙 FIRE: Dangerous and Explosive Substances,UK,register_only,classification,not_making,,yes,bms_import,,,,
UK_ukpga_2010_23,Bribery Act,,UK,register_only,classification,not_making,,yes,bms_import,,,,
UK_ukpga_2015_6,Counter-Terrorism and Security Act,💙 PUBLIC,UK,register_only,classification,not_making,,yes,bms_import,,,,
UK_ukpga_2016_25,Investigatory Powers Act,,UK,register_only,classification,not_making,,yes,bms_import,,,,
UK_ukpga_2017_3,Policing and Crime Act,,UK,register_only,classification,not_making,,yes,bms_import,,,,
UK_ukpga_2018_16,European Union (Withdrawal) Act,,UK,register_only,classification,not_making,,yes,bms_import,,,,
UK_ukpga_2019_17,Offensive Weapons Act,,UK,register_only,classification,not_making,,yes,bms_import,,,,
UK_ukpga_2019_3,Counter-Terrorism and Border Security Act,,UK,register_only,classification,not_making,,yes,bms_import,,,,
UK_ukpga_2023_55,Levelling-up and Regeneration Act,,UK,register_only,classification,not_making,,yes,enhesa_import,,,,
UK_uksi_1969_1263,Clean Air (Emission of Dark Smoke) (Exemption) Regulations,💚 AIR QUALITY,UK,register_only,classification,not_making,,yes,enhesa_import,,,,
UK_uksi_1969_47,Firearms (Dangerous Air Weapons) Rules,💙 PUBLIC,UK,register_only,classification,not_making,,yes,bms_import,,,,
UK_uksi_1971_818,Driver's Hours (Passenger and Goods Vehicles) (Modifications) Order,💙 TRANSPORT: Road Safety,UK,register_only,classification,not_making,,yes,bms_import,,,,
UK_uksi_1979_791,Forestry (Felling of Trees) Regulations,💚 TREES: Forestry & Timber,,register_only,classification,not_making,,yes,enhesa_import,,,,
UK_uksi_1986_2128,Passenger and Goods Vehicles (Recording Equipment) (Approval of fitters and workshops) (Fees) Regulations,💙 TRANSPORT: Road Safety,UK,register_only,classification,not_making,,yes,enhesa_import,,,,
UK_uksi_1990_1380,Health and Safety (Training for Employment) Regulations,💙 OH&S: Occupational / Personal Safety,GB,register_only,classification,not_making,,yes,bms_import,,,,
UK_uksi_1993_1490,Firearms (Dangerous Air Weapons) (Amendment) Rules,💙 PUBLIC,UK,register_only,classification,not_making,,yes,bms_import,,,,
UK_uksi_1993_1541,Firearms (Dangerous Air Weapons) (Scotland) Amendment Rules,💙 PUBLIC,UK,register_only,classification,not_making,,yes,bms_import,,,,
UK_uksi_1993_566,Controlled Waste (Amendment) Regulations,💚 WASTE,,register_only,classification,not_making,,yes,bms_import,,,,
UK_uksi_1993_745,Health and Safety (Miscellaneous Modifications) Regulations,💙 OH&S: Occupational / Personal Safety,UK,register_only,classification,not_making,,yes,bms_import,,,,
UK_uksi_1995_2923,Health and Safety Information for Employees (Modifications and Repeals) Regulations,💙 OH&S: Occupational / Personal Safety,UK,register_only,classification,not_making,,yes,bms_import,,,,
UK_uksi_1996_3016,Road Vehicles Lighting (Amendment) Regulations,💙 TRANSPORT: Road Safety,UK,register_only,classification,not_making,,yes,bms_import,,,,
UK_uksi_1998_2913,Town and Country Planning (Minerals) (Scotland) Regulations,💚 TOWN & COUNTRY PLANNING,UK,register_only,classification,not_making,,yes,enhesa_import,,,,
UK_uksi_1998_3084,Water (Prevention of Pollution) (Code of Practice) Order,💚 WATER & WASTEWATER,UK,register_only,classification,not_making,,yes,bms_import,,,,
UK_uksi_1998_3111,Road Vehicles (Authorised Weight) Regulations,💙 TRANSPORT: Road Safety,UK,register_only,classification,not_making,,yes,enhesa_import,,,,
UK_uksi_1999_1506,Water Supply (Water Fittings) (Amendment) Regulations,💚 WATER & WASTEWATER,UK,register_only,classification,not_making,,yes,bms_import,,,,
UK_uksi_2002_2174,Health and Safety (Miscellaneous Amendments) Regulations,💙 OH&S: Occupational / Personal Safety,UK,register_only,classification,not_making,,yes,bms_import,,,,
UK_uksi_2003_1684,Working Time (Amendment) Regulations,💜 HR: Working Time,UK,register_only,classification,not_making,,yes,bms_import,,,,
UK_uksi_2003_1690,Road Vehicles (Construction and Use) (Amendment) (No. 2) Regulations,💙 TRANSPORT: Road Safety,UK,register_only,classification,not_making,,yes,bms_import,,,,
UK_uksi_2003_2426,Privacy and Electronic Communications (EC Directive) Regulations,💙 PUBLIC: Data,UK,register_only,classification,not_making,,yes,bms_import,,,,
UK_uksi_2004_2304,Fire and Rescue Services Act 2004 (Commencement) (England and Scotland) Order,💙 FIRE,UK,register_only,classification,not_making,,yes,bms_import,,,,
UK_uksi_2004_2516,Working Time Regulations 1998 (Amendment) Regulations,💜 HR: Working Time,UK,register_only,classification,not_making,,yes,bms_import,,,,
UK_uksi_2004_2736,Town and Country Planning (Fees for Applications and Deemed Applications) (Amendment) (Wales) Regulations,💚 TOWN & COUNTRY PLANNING,UK,register_only,classification,not_making,,yes,enhesa_import,,,,
UK_uksi_2004_2882,Employers' Liability (Compulsory Insurance) (Amendment) Regulations,💜 HR: Insurance / Compensation / Wages / Benefits,UK,register_only,classification,not_making,,yes,bms_import,,,,
UK_uksi_2004_3386,Control of Substances Hazardous to Health (Amendment) Regulations,💙 OH&S: Occupational / Personal Safety,UK,register_only,classification,not_making,,yes,bms_import,,,,
UK_uksi_2004_701,Water Industry (Prescribed Conditions) (Undertakers Wholly or Mainly in Wales) Regulations,💚 WATER & WASTEWATER,UK,register_only,classification,not_making,,yes,enhesa_import,,,,
UK_uksi_2004_827,Railways and Transport Safety Act 2003 (Commencement No. 2) Order,💙 TRANSPORT: Rail Safety,UK,register_only,classification,not_making,,yes,bms_import,,,,
UK_uksi_2005_1904,Passenger and Goods Vehicles (Recording Equipment) Regulations,💙 TRANSPORT: Road Safety,GB,register_only,classification,not_making,,yes,enhesa_import,,,,
UK_uksi_2006_2950,Merchant Shipping (Prevention of Pollution by Sewage and Garbage) Order,💚 TRANSPORT: Harbours & Shipping,UK,register_only,classification,not_making,,yes,enhesa_import,,,,
UK_uksi_2006_2988,Radioactive Contaminated Land (Modification of Enactments) (Wales) Regulations,💚 ENVIRONMENTAL PROTECTION,E+W,register_only,classification,not_making,,yes,enhesa_import,,,,
UK_uksi_2006_3368,Smoke-free (Premises and Enforcement) Regulations,💙 HEALTH: Public,UK,register_only,classification,not_making,,yes,enhesa_import,,,,
UK_uksi_2007_1819,Community Drivers’ Hours and Recording Equipment Regulations,,GB,register_only,classification,not_making,,yes,bms_import,,,,
UK_uksi_2007_2079,Working Time (Amendment) Regulations,💜 HR: Working Time,UK,register_only,classification,not_making,,yes,bms_import,,,,
UK_uksi_2007_237,Road Safety Act 2006 (Commencement No. 1) Order,,UK,register_only,classification,not_making,,yes,bms_import,,,,
UK_uksi_2007_2472,Road Safety Act 2006 (Commencement No. 2) Order,,UK,register_only,classification,not_making,,yes,bms_import,,,,
UK_uksi_2007_3100,Merchant Shipping and Fishing Vessels (Health and Safety at Work) (Carcinogens and Mutagens) Regulations,💙 TRANSPORT: Maritime Safety,UK,register_only,classification,not_making,,yes,bms_import,,,,
UK_uksi_2007_3159,Air Navigation (Dangerous Goods) (Amendment) (No. 2) Regulations,,UK,register_only,classification,not_making,,yes,bms_import,,,,
UK_uksi_2007_765,Smoke-free (Exemptions and Vehicles) Regulations,💙 HEALTH: Public,UK,register_only,classification,not_making,,yes,enhesa_import,,,,
UK_uksi_2008_1765,Employers’ Liability (Compulsory Insurance) (Amendment) Regulations,💜 HR: Insurance / Compensation / Wages / Benefits,UK,register_only,classification,not_making,,yes,bms_import,,,,
UK_uksi_2008_198,Passenger and Goods Vehicles (Recording Equipment) (Downloading and Retention of Data) Regulations,💙 TRANSPORT: Road Safety,UK,register_only,classification,not_making,,yes,enhesa_import,,,,
UK_uksi_2008_2165,Merchant Shipping and Fishing Vessels (Provision and Use of Work Equipment) (Amendment) Regulations,💙 TRANSPORT: Maritime Safety,UK,register_only,classification,not_making,,yes,bms_import,,,,
UK_uksi_2008_2166,Merchant Shipping and Fishing Vessels (Lifting Operations and Lifting Equipment) (Amendment) Regulations,💙 TRANSPORT: Maritime Safety,UK,register_only,classification,not_making,,yes,bms_import,,,,
UK_uksi_2009_1210,Merchant Shipping (Implementation of Ship-Source Pollution Directive) Regulations,💚 TRANSPORT: Harbours & Shipping,UK,register_only,classification,not_making,,yes,bms_import,,,,
UK_uksi_2009_2438,"Conservation (Natural Habitats, &amp;c.) (Amendment) (No. 2) Regulations",💚 WILDLIFE & COUNTRYSIDE,,register_only,classification,not_making,,yes,bms_import,,,,
UK_uksi_2009_507,Hazardous Waste (England and Wales) (Amendment) Regulations,💚 WASTE,UK,register_only,classification,not_making,,yes,bms_import,,,,
UK_uksi_2009_606,Health and Safety Information for Employees (Amendment) Regulations,💙 OH&S: Occupational / Personal Safety,UK,register_only,classification,not_making,,yes,bms_import,,,,
UK_uksi_2009_693,Health and Safety (Miscellaneous Amendments and Revocations) Regulations,💙 OH&S: Occupational / Personal Safety,GB,register_only,classification,not_making,,yes,bms_import,,,,
UK_uksi_2009_716,Chemicals (Hazard Information and Packaging for Supply) Regulations,💙 OH&S: Occupational / Personal Safety,GB,register_only,classification,not_making,,yes,bms_import,,,,
UK_uksi_2010_1759,Firearms (Amendment) Regulations,,UK,register_only,classification,not_making,,yes,bms_import,,,,
UK_uksi_2010_2145,Radioactive Contaminated Land Regulations (Northern Ireland) (Amendment) Regulations,💚 NUCLEAR & RADIOLOGICAL,,register_only,classification,not_making,,yes,enhesa_import,,,,
UK_uksi_2012_1139,Batteries and Accumulators (Placing on the Market) (Amendment) Regulations,💚 WASTE,UK,register_only,classification,not_making,,yes,bms_import,,,,
UK_uksi_2012_1537,Health and Safety (Miscellaneous Revocations) Regulations,💙 OH&S: Occupational / Personal Safety,UK,register_only,classification,not_making,,yes,bms_import,,,,
UK_uksi_2013_1945,Firearms (Amendment) Rules,,UK,register_only,classification,not_making,,yes,bms_import,,,,
UK_uksi_2013_448,"Health and Safety (Miscellaneous Repeals, Revocations and Amendments) Regulations",💙 OH&S: Occupational / Personal Safety,UK,register_only,classification,not_making,,yes,bms_import,,,,
UK_uksi_2014_1239,Firearms (Amendment) Rules,💙 PUBLIC,UK,register_only,classification,not_making,,yes,bms_import,,,,
UK_uksi_2014_2366,Smoke Control Areas (Authorised Fuels) (England) (No. 2) Regulations,💚 AIR QUALITY,GB,register_only,classification,not_making,,yes,enhesa_import,,,,
UK_uksi_2014_2868,Drug Driving (Specified Limits) (England and Wales) Regulations,💙 TRANSPORT: Road Safety,E+W,register_only,classification,not_making,,yes,enhesa_import,,,,
UK_uksi_2014_3277,"Misuse of Drugs (Amendment No. 3) (England, Wales and Scotland) Regulations",💙 HEALTH: Drug & Medicine Safety,UK,register_only,classification,not_making,,yes,enhesa_import,,,,
UK_uksi_2014_486,Health and Safety (Miscellaneous Repeals and Revocations) Regulations,💙 OH&S: Occupational / Personal Safety,UK,register_only,classification,not_making,,yes,bms_import,,,,
UK_uksi_2014_495,CRC Energy Efficiency Scheme (Allocation of Allowances for Payment) (Amendment) Regulations,💚 CLIMATE CHANGE,UK,register_only,classification,not_making,,yes,enhesa_import,,,,
UK_uksi_2014_549,"Enterprise and Regulatory Reform Act 2013 (Competition) (Consequential, Transitional and Saving Provisions) (No. 2) Order",,UK,register_only,classification,not_making,,yes,enhesa_import,,,,
UK_uksi_2015_1360,Hazardous Waste (Miscellaneous Amendments) Regulations,💚 WASTE,UK,register_only,classification,not_making,,yes,enhesa_import,,,,
UK_uksi_2015_1393,Control of Major Accident Hazards (Amendment) Regulations,💙 OH&S: Occupational / Personal Safety,UK,register_only,classification,not_making,,yes,enhesa_import,,,,
UK_uksi_2015_142,Road Vehicles (Construction and Use) (Amendment) Regulations,💙 TRANSPORT: Road Safety,UK,register_only,classification,not_making,,yes,bms_import,,,,
UK_uksi_2015_1653,"Motor Vehicles (Variation of Speed Limits for Naval, Military and Air Force Vehicles) (England and Wales) Regulations",,UK,register_only,classification,not_making,,yes,bms_import,,,,
UK_uksi_2015_307,Smoke Control Areas (Exempted Fireplaces) (England) Order,💚 AIR QUALITY,GB,register_only,classification,not_making,,yes,enhesa_import,,,,
UK_uksi_2016_1245,"Companies, Partnerships and Groups (Accounts and Non-Financial Reporting) Regulations",💚 CLIMATE CHANGE,UK,register_only,classification,not_making,,yes,enhesa_import,,,,
UK_uksi_2016_334,Unauthorised Deposit of Waste (Fixed Penalties) Regulations,💚 WASTE,,register_only,classification,not_making,,yes,enhesa_import,,,,
UK_uksi_2016_336,Hazardous Waste (England and Wales) (Amendment) Regulations,💚 WASTE,E+W,register_only,classification,not_making,,yes,enhesa_import,,,,
UK_uksi_2016_660,Energy Efficiency (Private Rented Property) (England and Wales) (Amendment) Regulations,💚 CLIMATE CHANGE,UK,register_only,classification,not_making,,yes,bms_import,,,,
UK_uksi_2017_1177,Environmental Damage (Prevention and Remediation) (England) (Amendment) Regulations,💚 ENVIRONMENTAL PROTECTION,UK,register_only,classification,not_making,,yes,enhesa_import,,,,
UK_uksi_2017_1206,Radio Equipment Regulations,💙 PUBLIC: Consumer / Product Safety,UK,register_only,classification,not_making,,yes,bms_import,,,,
UK_uksi_2017_81,Noise from Audible Intruder Alarms (Wales) (Revocation) and Control of Noise (Codes of Practice for Construction and Open Sites) (Wales) Order,💙 HEALTH: Public,UK,register_only,classification,not_making,,yes,enhesa_import,,,,
UK_uksi_2018_1155,Companies (Directors’ Report) and Limited Liability Partnerships (Energy and Carbon Report) Regulations,💚 CLIMATE CHANGE,UK,register_only,classification,not_making,,yes,bms_import,,,,
UK_uksi_2018_1214,Waste Electrical and Electronic Equipment (Amendment) (No. 2) Regulations,💚 WASTE,UK,register_only,classification,not_making,,yes,bms_import,,,,
UK_uksi_2018_1227,Environmental Protection (Miscellaneous Amendments) (England and Wales) Regulations,💚 ENVIRONMENTAL PROTECTION,UK,register_only,classification,not_making,,yes,bms_import,,,,
UK_uksi_2018_24,Community Drivers’ Hours Offences (Enforcement) Regulations,💙 TRANSPORT: Road Safety,UK,register_only,classification,not_making,,yes,enhesa_import,,,,
UK_uksi_2018_841,CRC Energy Efficiency Scheme (Revocation and Savings) Order,💚 CLIMATE CHANGE,UK,register_only,classification,not_making,,yes,bms_import,,,,
UK_uksi_2019_1169,Firearms (Fees) Regulations,💙 PUBLIC,UK,register_only,classification,not_making,,yes,bms_import,,,,
UK_uksi_2019_1420,Firearms Regulations,💙 PUBLIC,UK,register_only,classification,not_making,,yes,bms_import,,,,
UK_uksi_2019_24,Ionising Radiation (Environmental and Public Protection) (Miscellaneous Amendments) (EU Exit) Regulations,💚 NUCLEAR & RADIOLOGICAL,UK,register_only,classification,not_making,,yes,bms_import,,,,
UK_uksi_2021_1315,Environmental Authorisations (Scotland) Regulations 2018 (Consequential Modifications) Order,,UK,register_only,classification,not_making,,yes,enhesa_import,,,,
UK_uksi_2021_746,Town and Country Planning (Development Management Procedure and Section 62A Applications) (England) (Amendment) Order,💚 TOWN & COUNTRY PLANNING,,register_only,classification,not_making,,yes,enhesa_import,,,,
UK_uksi_2024_1079,Access to the Countryside (Coastal Margin) (Marsland Mouth to Newquay) (No. 1) Order,💚 WILDLIFE & COUNTRYSIDE,UK,register_only,classification,not_making,,yes,enhesa_import,,,,
UK_uksi_2024_49,Biodiversity Gain (Town and Country Planning) (Consequential Amendments) Regulations,💚 WILDLIFE & COUNTRYSIDE,UK,register_only,classification,not_making,,yes,enhesa_import,,,,
UK_uksi_2024_666,Separation of Waste (England) Regulations,💚 WASTE,UK,register_only,classification,not_making,,yes,enhesa_import,,,,
UK_uksi_2025_140,Separation of Waste (England) Regulations,💚 WASTE,UK,register_only,classification,not_making,,yes,enhesa_import,,,,
UK_uksro_1947_805,Compressed Acetylene Order,,,register_only,classification,not_making,,yes,enhesa_import,,,,
UK_wsi_2010_1820,Environmental Civil Sanctions (Miscellaneous Amendments) (Wales) Regulations,💚 ENVIRONMENTAL PROTECTION,UK,register_only,classification,not_making,,yes,bms_import,,,,
UK_wsi_2011_971,Waste (Miscellaneous Provisions) (Wales) Regulations,💚 WASTE,E+W,register_only,classification,not_making,,yes,enhesa_import,,,,
UK_wsi_2018_721,Hazardous Waste (Miscellaneous Amendments) (Wales) Regulations,💚 WASTE,UK,register_only,classification,not_making,,yes,enhesa_import,,,,
UK_wsi_2018_725,Radioactive Contaminated Land (Modification of Enactments) (Wales) (Amendment) Regulations,💚 NUCLEAR & RADIOLOGICAL,,register_only,classification,not_making,,yes,bms_import,,,,
UK_wsi_2020_1489,Personal Protective Equipment (Temporary Arrangements) (Coronavirus) (Wales) Regulations,💙 HEALTH: Coronavirus,UK,register_only,classification,not_making,,yes,enhesa_import,,,,
UK_wsi_2026_71,Waste Separation Requirements (Wales) (Amendment) Regulations,💚 ENVIRONMENTAL PROTECTION,UK,register_only,classification,not_making,,yes,enhesa_import,,,,
UK_eudr_1994_33,Council Directive 94/33/EC of 22 June 1994 on the protection of young people at work,💜 HR: Employment,UK,register_only,profile_or_tree,material_condition_miss,needs one of: employment_contract work,yes,enhesa_import,,,,
UK_eur_2007_1516,"Commission Regulation (EC) No 1516/2007 of 19 December 2007 establishing, pursuant to Regulation (EC) No 842/2006 of the European Parliament and of the Council, standard leakage checking requirements for stationary refrigeration, air conditioning and heat pump equipment containing certain fluorinated greenhouse gases (Text with EEA relevance)",💚 CLIMATE CHANGE,UK,register_only,profile_or_tree,material_condition_miss,needs one of: heat_pump,yes,enhesa_import,,,,
UK_eur_2015_2067,"Commission Implementing Regulation (EU) 2015/2067 of 17 November 2015 establishing, pursuant to Regulation (EU) No 517/2014 of the European Parliament and of the Council, minimum requirements and the conditions for mutual recognition for the certification of natural persons as regards stationary refrigeration, air conditioning and heat pump equipment, and refrigeration units of refrigerated trucks and trailers, containing fluorinated greenhouse gases and for the certification of companies as regards stationary refrigeration, air conditioning and heat pump equipment, containing fluorinated greenhouse gases (Text with EEA relevance)",💚 CLIMATE CHANGE,UK,register_only,profile_or_tree,material_condition_miss,needs one of: natural_person carrying_out_activities,yes,enhesa_import,,,,
UK_ssi_2006_90,Prohibition of Smoking in Certain Premises (Scotland) Regulations,💙 HEALTH: Public,S,register_only,profile_or_tree,material_condition_miss,needs one of: council,yes,enhesa_import,,,,
UK_ssi_2011_24,Storage of Carbon Dioxide (Licensing etc.) (Scotland) Regulations,💚 CLIMATE CHANGE,S,register_only,profile_or_tree,material_condition_miss,needs one of: updating_legislation,yes,enhesa_import,,,,
UK_uksi_1958_498,Dark Smoke (Permitted Periods) Regulations,💚 AIR QUALITY,UK,register_only,profile_or_tree,material_condition_miss,needs one of: interpretation emissions emission,yes,enhesa_import,,,,
UK_uksi_1977_500,Safety Representatives and Safety Committees Regulations,💙 OH&S: Occupational / Personal Safety,UK,register_only,profile_or_tree,material_condition_miss,needs one of: interpretation,yes,enhesa_import,,,,
UK_uksi_2008_1911,Limited Liability Partnerships (Accounts and Audit) (Application of Companies Act 2006) Regulations,,UK,register_only,profile_or_tree,material_condition_miss,needs one of: llp,yes,enhesa_import,,,,
UK_uksi_2008_410,Large and Medium-sized Companies and Groups (Accounts and Reports) Regulations,,UK,register_only,profile_or_tree,material_condition_miss,needs one of: company small llp,yes,enhesa_import,,,,
UK_uksi_2012_2788,Greenhouse Gas Emissions Trading Scheme (Amendment) (Charging Schemes) Regulations,💚 CLIMATE CHANGE,UK,register_only,profile_or_tree,material_condition_miss,needs one of: greenhouse_gas,yes,enhesa_import,,,,
UK_eur_2007_1497,"Commission Regulation (EC) No 1497/2007 of 18 December 2007 establishing, pursuant to Regulation (EC) No 842/2006 of the European Parliament and of the Council, standard leakage checking requirements for stationary fire protection systems containing certain fluorinated greenhouse gases (Text with EEA relevance)",💚 CLIMATE CHANGE,UK,register_only,profile_or_tree,multi_condition_miss,material: greenhouse_gas; territorial: installation,yes,enhesa_import,,,,
UK_eudr_2003_59,"Directive 2003/59/EC of the European Parliament and of the Council of 15 July 2003 on the initial qualification and periodic training of drivers of certain road vehicles for the carriage of goods or passengers, amending Council Regulation (EEC) No 3820/85 and Council Directive 91/439/EEC and repealing Council Directive 76/914/EEC",💙 TRANSPORT: Road Safety,UK,register_only,profile_or_tree,territorial_condition_miss,needs one of: undertaking,yes,enhesa_import,,,,
UK_eur_2006_166,Regulation (EC) No 166/2006 of the European Parliament and of the Council of 18 January 2006 concerning the establishment of a European Pollutant Release and Transfer Register and amending Council Directives 91/689/EEC and 96/61/EC (Text with EEA relevance),💚 POLLUTION,UK,register_only,profile_or_tree,territorial_condition_miss,needs one of: installation,yes,enhesa_import,,,material/personal,
UK_eur_2015_2066,"Commission Implementing Regulation (EU) 2015/2066 of 17 November 2015 establishing, pursuant to Regulation (EU) No 517/2014 of the European Parliament and of the Council, minimum requirements and the conditions for mutual recognition for the certification of natural persons carrying out installation, servicing, maintenance, repair or decommissioning of electrical switchgear containing fluorinated greenhouse gases or recovery of fluorinated greenhouse gases from stationary electrical switchgear (Text with EEA relevance)",💚 CLIMATE CHANGE,UK,register_only,profile_or_tree,territorial_condition_miss,needs one of: installation undertaking,yes,enhesa_import,,,,
UK_eudn_2017_547,Commission Implementing Decision (EU) 2017/547 of 21 March 2017 on the organisation of a temporary experiment under Council Directive 2002/56/EC as regards seed potato tubers derived from true potato seed (notified under document C(2017) 1736) (Text with EEA relevance),💚 AGRICULTURE,UK,register_only,register,revoked,❌ Revoked / Repealed / Abolished,yes,enhesa_import,,,,
UK_eudr_1998_24,Council Directive 98/24/EC of 7 April 1998 on the protection of the health and safety of workers from the risks related to chemical agents at work (fourteenth individual Directive within the meaning of Article 16(1) of Directive 89/391/EEC),💙 OH&S: Occupational / Personal Safety,UK,register_only,register,revoked,❌ Revoked / Repealed / Abolished,yes,enhesa_import,,,,
UK_eur_2006_,"Regulation (EC) No 1907/2006 concerning the Registration, Evaluation, Authorisation and Restriction of Chemicals (REACH)",💙 OH&S: Occupational / Personal Safety,UK,register_only,register,revoked,❌ Revoked / Repealed / Abolished,yes,bms_import,,,,
UK_eur_2006_1907,"Regulation (EC) No 1907/2006 of the European Parliament and of the Council of 18 December 2006 concerning the Registration, Evaluation, Authorisation and Restriction of Chemicals (REACH), establishing a European Chemicals Agency, amending Directive 1999/45/EC and repealing Council Regulation (EEC) No 793/93 and Commission Regulation (EC) No 1488/94 as well as Council Directive 76/769/EEC and Commission Directives 91/155/EEC, 93/67/EEC, 93/105/EC and 2000/21/EC (Text with EEA relevance)",💙 OH&S: Occupational / Personal Safety,UK,register_only,register,revoked,❌ Revoked / Repealed / Abolished,yes,enhesa_import,,,,
UK_eur_2006_561,Regulation (EC) No 561/2006 of the European Parliament and of the Council of 15 March 2006 on the harmonisation of certain social legislation relating to road transport and amending Council Regulations (EEC) No 3821/85 and (EC) No 2135/98 and repealing Council Regulation (EEC) No 3820/85 (Text with EEA relevance),💙 TRANSPORT: Road Safety,UK,register_only,register,revoked,❌ Revoked / Repealed / Abolished,yes,enhesa_import,,,,
UK_eur_2006_842,Regulation (EC) No 842/2006 of the European Parliament and of the Council of 17 May 2006 on certain fluorinated greenhouse gases (Text with EEA relevance),💚 CLIMATE CHANGE,UK,register_only,register,revoked,❌ Revoked / Repealed / Abolished,yes,enhesa_import,,,,
UK_eur_2008_1102,Regulation (EC) No 1102/2008 of the European Parliament and of the Council of 22 October 2008 on the banning of exports of metallic mercury and certain mercury compounds and mixtures and the safe storage of metallic mercury (Text with EEA relevance),💚 ENVIRONMENTAL PROTECTION,UK,register_only,register,revoked,❌ Revoked / Repealed / Abolished,yes,enhesa_import,,,,
UK_eur_2019_2088,Regulation (EU) 2019/2088 of the European Parliament and of the Council of 27 November 2019 on sustainability‐related disclosures in the financial services sector (Text with EEA relevance),💚 ENVIRONMENTAL PROTECTION,UK,register_only,register,revoked,❌ Revoked / Repealed / Abolished,yes,enhesa_import,,,,
UK_ssi_2000_100,Radioactive Substances (Basic Safety Standards) (Scotland) Regulations,💚 NUCLEAR & RADIOLOGICAL,S,register_only,register,revoked,❌ Revoked / Repealed / Abolished,yes,enhesa_import,,,,
UK_ssi_2000_323,Pollution Prevention and Control (Scotland) Regulations,💚 POLLUTION,UK,register_only,register,revoked,❌ Revoked / Repealed / Abolished,yes,bms_import,,,,
UK_ssi_2001_207,Water Supply (Water Quality) (Scotland) Regulations,💚 WATER & WASTEWATER,S,register_only,register,revoked,❌ Revoked / Repealed / Abolished,yes,enhesa_import,,,,
UK_ssi_2002_493,Large Combustion Plants (Scotland) Regulations,💚 POLLUTION,S,register_only,register,revoked,❌ Revoked / Repealed / Abolished,yes,bms_import,,,,
UK_ssi_2003_170,Waste Incineration (Scotland) Regulations,💚 WASTE,S,register_only,register,revoked,❌ Revoked / Repealed / Abolished,yes,bms_import,,,,
UK_ssi_2003_185,Pollution Prevention and Control (Designation of Landfill Directive) (Scotland) Order,💚 POLLUTION,S,register_only,register,revoked,❌ Revoked / Repealed / Abolished,yes,enhesa_import,,,,
UK_ssi_2003_204,Pollution Prevention and Control (Designation of Waste Incineration Directive) (Scotland) Order,💚 POLLUTION,S,register_only,register,revoked,❌ Revoked / Repealed / Abolished,yes,enhesa_import,,,,
UK_ssi_2003_235,Landfill (Scotland) Regulations,💚 WASTE,S,register_only,register,revoked,❌ Revoked / Repealed / Abolished,yes,enhesa_import,,,,
UK_ssi_2003_600,Pollution Prevention and Control (Designation of Solvent Emissions Directive) (Scotland) Order,💚 POLLUTION,S,register_only,register,revoked,❌ Revoked / Repealed / Abolished,yes,enhesa_import,,,,
UK_ssi_2004_219,Town and Country Planning (Fees for Applications and Deemed Applications) (Scotland) Regulations,💚 TOWN & COUNTRY PLANNING,UK,register_only,register,revoked,❌ Revoked / Repealed / Abolished,yes,enhesa_import,,,,
UK_ssi_2006_133,Water Environment (Oil Storage) (Scotland) Regulations,💚 WATER & WASTEWATER,UK,register_only,register,revoked,❌ Revoked / Repealed / Abolished,yes,enhesa_import,,,,
UK_ssi_2008_261,Plastic Materials and Articles in Contact with Food (Scotland) Amendment Regulations,💙 FOOD,UK,register_only,register,revoked,❌ Revoked / Repealed / Abolished,yes,enhesa_import,,,,
UK_ssi_2008_86,Pollution Prevention and Control (Designation of Batteries Directive) (Scotland) Order,💚 POLLUTION,S,register_only,register,revoked,❌ Revoked / Repealed / Abolished,yes,enhesa_import,,,,
UK_ssi_2009_420,Water Environment (Groundwater and Priority Substances) (Scotland) Regulations,💚 WATER & WASTEWATER,S,register_only,register,revoked,❌ Revoked / Repealed / Abolished,yes,bms_import,,,,
UK_ssi_2010_131,Pollution Prevention and Control (Designation of Directives) (Scotland) Order,💚 POLLUTION,S,register_only,register,revoked,❌ Revoked / Repealed / Abolished,yes,enhesa_import,,,,
UK_ssi_2010_235,Pollution Prevention and Control (Designation of Classification of Substances and Mixtures Directive) (Scotland) Order,💚 POLLUTION,S,register_only,register,revoked,❌ Revoked / Repealed / Abolished,yes,enhesa_import,,,,
UK_ssi_2010_359,Climate Change (Annual Targets) (Scotland) Order,💚 CLIMATE CHANGE,UK,register_only,register,revoked,❌ Revoked / Repealed / Abolished,yes,enhesa_import,,,,
UK_ssi_2011_147,Radioactive Substances Exemption (Scotland) Order,💚 NUCLEAR & RADIOLOGICAL,UK,register_only,register,revoked,❌ Revoked / Repealed / Abolished,yes,enhesa_import,,,,
UK_ssi_2011_209,Water Environment (Controlled Activities) (Scotland) Regulations,💚 WATER & WASTEWATER,S,register_only,register,revoked,❌ Revoked / Repealed / Abolished,yes,enhesa_import,,,,
UK_ssi_2011_228,Waste Management Licensing (Scotland) Regulations,💚 WASTE,S,register_only,register,revoked,❌ Revoked / Repealed / Abolished,yes,enhesa_import,,,,
UK_ssi_2011_353,Climate Change (Annual Targets) (Scotland) Order,💚 CLIMATE CHANGE,UK,register_only,register,revoked,❌ Revoked / Repealed / Abolished,yes,enhesa_import,,,,
UK_ssi_2012_146,Fire and Rescue Services (Framework) (Scotland) Order,💙 FIRE,S,register_only,register,revoked,❌ Revoked / Repealed / Abolished,yes,enhesa_import,,,,
UK_ssi_2012_360,Pollution Prevention and Control (Scotland) Regulations,💚 POLLUTION,S,register_only,register,revoked,❌ Revoked / Repealed / Abolished,yes,enhesa_import,,,,
UK_ssi_2016_328,Climate Change (Annual Targets) (Scotland) Order,💚 CLIMATE CHANGE,S,register_only,register,revoked,❌ Revoked / Repealed / Abolished,yes,enhesa_import,,,,
UK_ssi_2016_330,Climate Change (Limit on Use of Carbon Units) (Scotland) Order,💚 CLIMATE CHANGE,S,register_only,register,revoked,❌ Revoked / Repealed / Abolished,yes,enhesa_import,,,,
UK_ssi_2023_50,Scottish Landfill Tax (Standard Rate and Lower Rate) Order,💚 WASTE,S,register_only,register,revoked,❌ Revoked / Repealed / Abolished,yes,enhesa_import,,,,
UK_ukpga_1967_10,Forestry Act,💚 TREES: Forestry & Timber,GB,register_only,register,revoked,❌ Revoked / Repealed / Abolished,yes,enhesa_import,,,,
UK_ukpga_1975_23,Reservoirs Act,💚 WATER & WASTEWATER,GB,register_only,register,revoked,❌ Revoked / Repealed / Abolished,yes,bms_import,,,,
UK_ukpga_1985_48,Food and Environment Protection Act,💙 FOOD,UK,register_only,register,revoked,❌ Revoked / Repealed / Abolished,yes,bms_import,,,,
UK_uksi_1972_1178,Gas Safety Regulations,💙 OH&S: Gas & Electrical Safety,,register_only,register,revoked,❌ Revoked / Repealed / Abolished,yes,bms_import,,,,
UK_uksi_1972_1957,Cooking Utensils (Safety) Regulations,,UK,register_only,register,revoked,❌ Revoked / Repealed / Abolished,yes,bms_import,,,,
UK_uksi_1977_191,Fatal Accidents and Sudden Deaths Inquiry Procedure (Scotland) Rules,💙 OH&S: Occupational / Personal Safety,,register_only,register,revoked,❌ Revoked / Repealed / Abolished,yes,enhesa_import,,,,
UK_uksi_1985_2042,Asbestos Products (Safety) Regulations,💙 PUBLIC: Consumer / Product Safety,UK,register_only,register,revoked,❌ Revoked / Repealed / Abolished,yes,bms_import,,,,
UK_uksi_1991_1531,Control of Explosives Regulations,💙 FIRE: Dangerous and Explosive Substances,UK,register_only,register,revoked,❌ Revoked / Repealed / Abolished,yes,bms_import,,,,
UK_uksi_1991_1624,Controlled Waste (Registration of Carriers and Seizure of Vehicles) Regulations,💚 WASTE,UK,register_only,register,revoked,❌ Revoked / Repealed / Abolished,yes,enhesa_import,,,,
UK_uksi_1991_2749,Simple Pressure Vessels (Safety) Regulations,💙 OH&S: Occupational / Personal Safety,UK,register_only,register,revoked,❌ Revoked / Repealed / Abolished,yes,bms_import,,,,
UK_uksi_1992_3073,Supply of Machinery (Safety) Regulations,💙 OH&S: Occupational / Personal Safety,UK,register_only,register,revoked,❌ Revoked / Repealed / Abolished,yes,bms_import,,,,
UK_uksi_1993_2714,Placing on the Market and Supervision of Transfers of Explosives Regulations,💙 FIRE: Dangerous and Explosive Substances,UK,register_only,register,revoked,❌ Revoked / Repealed / Abolished,yes,bms_import,,,,
UK_uksi_1993_834,Medicines Act 1968 (Amendment) Regulations,,UK,register_only,register,revoked,❌ Revoked / Repealed / Abolished,yes,bms_import,,,,
UK_uksi_1994_2479,Maternity (Compulsory Leave) Regulations,💜 HR: Employment,UK,register_only,register,revoked,❌ Revoked / Repealed / Abolished,yes,bms_import,,,,
UK_uksi_1994_2716,"Conservation (Natural Habitats, &c.) Regulations",💚 WILDLIFE & COUNTRYSIDE,GB,register_only,register,revoked,❌ Revoked / Repealed / Abolished,yes,enhesa_import,,,,
UK_uksi_1994_3098,Simple Pressure Vessels (Safety) (Amendment) Regulations,💙 OH&S: Occupational / Personal Safety,UK,register_only,register,revoked,❌ Revoked / Repealed / Abolished,yes,bms_import,,,,
UK_uksi_1995_2200,Food Safety (Temperature Control) Regulations,💙 FOOD,UK,register_only,register,revoked,❌ Revoked / Repealed / Abolished,yes,bms_import,,,,
UK_uksi_1996_192,Equipment and Protective Systems Intended for Use in Potentially Explosive Atmospheres Regulations,💙 FIRE: Dangerous and Explosive Substances,GB,register_only,register,revoked,❌ Revoked / Repealed / Abolished,yes,bms_import,,,,
UK_uksi_1996_972,Special Waste Regulations,💚 WASTE,GB,register_only,register,revoked,❌ Revoked / Repealed / Abolished,yes,enhesa_import,,,,
UK_uksi_1997_2367,Merchant Shipping (Dangerous Goods and Marine Pollutants) Regulations,💙 TRANSPORT: Maritime Safety,UK,register_only,register,revoked,❌ Revoked / Repealed / Abolished,yes,enhesa_import,,,,
UK_uksi_1997_831,Lifts Regulations,💙 OH&S: Occupational / Personal Safety,UK,register_only,register,revoked,❌ Revoked / Repealed / Abolished,yes,bms_import,,,,
UK_uksi_1998_2746,Groundwater Regulations 1998,💚 WATER & WASTEWATER,GB,register_only,register,revoked,❌ Revoked / Repealed / Abolished,yes,bms_import,,,,
UK_uksi_1999_1892,Town and Country Planning (Trees) Regulations,💚 TOWN & COUNTRY PLANNING,UK,register_only,register,revoked,❌ Revoked / Repealed / Abolished,yes,enhesa_import,,,,
UK_uksi_1999_2001,Pressure Equipment Regulations,💙 OH&S: Occupational / Personal Safety,UK,register_only,register,revoked,❌ Revoked / Repealed / Abolished,yes,enhesa_import,,,,
UK_uksi_2000_1973,Pollution Prevention and Control (England and Wales) Regulations,💚 POLLUTION,E+W,register_only,register,revoked,❌ Revoked / Repealed / Abolished,yes,bms_import,,,,
UK_uksi_2001_2975,Radiation (Emergency Preparedness and Public Information) Regulations,💙 OH&S: Occupational / Personal Safety,GB,register_only,register,revoked,❌ Revoked / Repealed / Abolished,yes,bms_import,,,,
UK_uksi_2002_1144,Personal Protective Equipment Regulations,💙 OH&S: Occupational / Personal Safety,UK,register_only,register,revoked,❌ Revoked / Repealed / Abolished,yes,enhesa_import,,,,
UK_uksi_2002_1559,Landfill (England and Wales) Regulations,💚 WASTE,E+W,register_only,register,revoked,❌ Revoked / Repealed / Abolished,yes,bms_import,,,,
UK_uksi_2003_3274,Environmental Protection (Controls on Dangerous Substances) Regulations,💚 ENVIRONMENTAL PROTECTION,GB,register_only,register,revoked,❌ Revoked / Repealed / Abolished,yes,bms_import,,,,
UK_uksi_2004_1188,Packaging (Essential Requirements) (Amendment) Regulations,💚 WASTE,,register_only,register,revoked,❌ Revoked / Repealed / Abolished,yes,bms_import,,,,
UK_uksi_2004_3214,Air Navigation (Dangerous Goods)(Amendment) Regulations,💙 TRANSPORT: Air Safety,UK,register_only,register,revoked,❌ Revoked / Repealed / Abolished,yes,enhesa_import,,,,
UK_uksi_2005_1082,Manufacture and Storage of Explosives Regulations,💙 FIRE: Dangerous and Explosive Substances,UK,register_only,register,revoked,❌ Revoked / Repealed / Abolished,yes,bms_import,,,,
UK_uksi_2005_1528,Waste Management Licensing (England and Wales)(Amendment and Related Provisions)(No. 2) Regulations 2005,💚 WASTE,E+W,register_only,register,revoked,❌ Revoked / Repealed / Abolished,yes,bms_import,,,,
UK_uksi_2005_1673,List of Wastes (England) (Amendment) Regulations 2005,💚 WASTE,UK,register_only,register,revoked,❌ Revoked / Repealed / Abolished,yes,bms_import,,,,
UK_uksi_2005_2059,Food Hygiene (England) Regulations,💙 FOOD,E+W,register_only,register,revoked,❌ Revoked / Repealed / Abolished,yes,bms_import,,,,
UK_uksi_2005_2517,Plant Health (Forestry) Order,💚 PLANT HEALTH,GB,register_only,register,revoked,❌ Revoked / Repealed / Abolished,yes,enhesa_import,,,,
UK_uksi_2005_830,Equipment and Protective Systems Intended for Use in Potentially Explosive Atmospheres (Amendment) Regulations,💙 FIRE: Dangerous and Explosive Substances,GB,register_only,register,revoked,❌ Revoked / Repealed / Abolished,yes,bms_import,,,,
UK_uksi_2005_895,List of Wastes (England) Regulations,💚 WASTE,UK,register_only,register,revoked,❌ Revoked / Repealed / Abolished,yes,bms_import,,,,
UK_uksi_2006_3315,Waste Electrical and Electronic Equipment (Waste Management Licensing) (England and Wales) Regulations,💚 WASTE,E+W,register_only,register,revoked,❌ Revoked / Repealed / Abolished,yes,bms_import,,,,
UK_uksi_2006_3418,Electromagnetic Compatibility Regulations,💙 PUBLIC: Consumer / Product Safety,UK,register_only,register,revoked,❌ Revoked / Repealed / Abolished,yes,bms_import,,,,
UK_uksi_2007_1518,Marine Works (Environmental Impact Assessment) Regulations,💚 MARINE & RIVERINE,UK,register_only,register,revoked,❌ Revoked / Repealed / Abolished,yes,enhesa_import,,,,
UK_uksi_2007_3438,Controls on Dangerous Substances and Preparations (Amendment) (No. 2) Regulations,💙 FIRE: Dangerous and Explosive Substances,UK,register_only,register,revoked,❌ Revoked / Repealed / Abolished,yes,bms_import,,,,
UK_uksi_2007_734,Rules of the Air Regulations,💙 TRANSPORT: Air Safety,UK,register_only,register,revoked,❌ Revoked / Repealed / Abolished,yes,bms_import,,,,
UK_uksi_2007_871,Producer Responsibility Obligations (Packaging Waste) Regulations,💚 WASTE,GB,register_only,register,revoked,❌ Revoked / Repealed / Abolished,yes,bms_import,,,,
UK_uksi_2007_923,Smoke-free (Signs) Regulations,💙 HEALTH: Public,UK,register_only,register,revoked,❌ Revoked / Repealed / Abolished,yes,bms_import,,,,
UK_uksi_2008_669,Rules of the Air (Amendment) Regulations,💙 TRANSPORT: Air Safety,UK,register_only,register,revoked,❌ Revoked / Repealed / Abolished,yes,bms_import,,,,
UK_uksi_2009_153,Environmental Damage (Prevention and Remediation) Regulations,💚 ENVIRONMENTAL PROTECTION,UK,register_only,register,revoked,❌ Revoked / Repealed / Abolished,yes,bms_import,,,,
UK_uksi_2009_1901,Planning (Hazardous Substances) (Amendment) (England) Regulations 2009,💚 PLANNING & INFRASTRUCTURE,E+W,register_only,register,revoked,❌ Revoked / Repealed / Abolished,yes,bms_import,,,,
UK_uksi_2009_2169,Rules of the Air (Amendment) Regulations,,UK,register_only,register,revoked,❌ Revoked / Repealed / Abolished,yes,bms_import,,,,
UK_uksi_2009_2301,Aviation Greenhouse Gas Emissions Trading Scheme Regulations,💚 CLIMATE CHANGE,UK,register_only,register,revoked,❌ Revoked / Repealed / Abolished,yes,bms_import,,,,
UK_uksi_2009_3381,Environmental Permitting (England and Wales) (Amendment) (No. 2) Regulations,💚 ENVIRONMENTAL PROTECTION,E+W,register_only,register,revoked,❌ Revoked / Repealed / Abolished,yes,bms_import,,,,
UK_uksi_2010_1996,Aviation Greenhouse Gas Emissions Trading Scheme Regulations,💚 CLIMATE CHANGE,UK,register_only,register,revoked,❌ Revoked / Repealed / Abolished,yes,bms_import,,,,
UK_uksi_2011_1128,Wireless Telegraphy (Licence Charges) Regulations,,,register_only,register,revoked,❌ Revoked / Repealed / Abolished,yes,bms_import,,,,
UK_uksi_2011_2043,Environmental Permitting (England and Wales) (Amendment) Regulations,💚 ENVIRONMENTAL PROTECTION,GB,register_only,register,revoked,❌ Revoked / Repealed / Abolished,yes,bms_import,,,,
UK_uksi_2012_3054,Air Navigation (Dangerous Goods) (Amendment) Regulations,,UK,register_only,register,revoked,❌ Revoked / Repealed / Abolished,yes,bms_import,,,,
UK_uksi_2012_3082,Producer Responsibility Obligations (Packaging Waste) (Amendment) Regulations,💚 WASTE,UK,register_only,register,revoked,❌ Revoked / Repealed / Abolished,yes,bms_import,,,,
UK_uksi_2013_390,Environmental Permitting (England and Wales) (Amendment) Regulations,💚 ENVIRONMENTAL PROTECTION,E+W,register_only,register,revoked,❌ Revoked / Repealed / Abolished,yes,bms_import,,,,
UK_uksi_2013_447,Smoke Control Areas (Authorised Fuels) (England) Regulations,💚 AIR QUALITY,GB,register_only,register,revoked,❌ Revoked / Repealed / Abolished,yes,enhesa_import,,,,
UK_uksi_2013_449,Identification and Traceability of Explosives Regulations,💙 FIRE: Dangerous and Explosive Substances,UK,register_only,register,revoked,❌ Revoked / Repealed / Abolished,yes,bms_import,,,,
UK_uksi_2014_1512,Merchant Shipping (International Safety Management (ISM) Code) Regulations,💙 TRANSPORT: Maritime Safety,UK,register_only,register,revoked,❌ Revoked / Repealed / Abolished,yes,bms_import,,,,
UK_uksi_2014_162,Heavy Fuel Oil (Amendment) Regulations,💚 AIR QUALITY,UK,register_only,register,revoked,❌ Revoked / Repealed / Abolished,yes,bms_import,,,,
UK_uksi_2014_1942,Control of Explosives Precursors Regulations,💙 FIRE: Dangerous and Explosive Substances,UK,register_only,register,revoked,❌ Revoked / Repealed / Abolished,yes,bms_import,,,,
UK_uksi_2016_1025,Merchant Shipping (Marine Equipment) Regulations,💙 TRANSPORT: Maritime Safety,UK,register_only,register,revoked,❌ Revoked / Repealed / Abolished,yes,bms_import,,,,
UK_uksi_2017_238,Health and Safety (Miscellaneous Amendments) Regulations,💙 OH&S: Occupational / Personal Safety,UK,register_only,register,revoked,❌ Revoked / Repealed / Abolished,yes,bms_import,,,,
UK_wsi_2007_3374,Water Supply (Water Quality) Regulations 2001 (Amendment) Regulations,💚 WATER & WASTEWATER,UK,register_only,register,revoked,❌ Revoked / Repealed / Abolished,yes,enhesa_import,,,,
UK_wsi_2007_787,Smoke-free Premises etc. (Wales) Regulations,💙 HEALTH: Public,E+W,register_only,register,revoked,❌ Revoked / Repealed / Abolished,yes,bms_import,,,,
UK_wsi_2010_450,Planning (Hazardous Substances) (Amendment) (Wales) Regulations,💚 PLANNING & INFRASTRUCTURE,UK,register_only,register,revoked,❌ Revoked / Repealed / Abolished,yes,bms_import,,,,
UK_wsi_2013_2506,Nitrate Pollution Prevention (Wales) Regulations 2013,💚 POLLUTION,E+W,register_only,register,revoked,❌ Revoked / Repealed / Abolished,yes,bms_import,,,,
UK_wsi_2017_421,Smoke Control Areas (Authorised Fuels) (Wales) Regulations,💚 AIR QUALITY,E+W,register_only,register,revoked,❌ Revoked / Repealed / Abolished,yes,enhesa_import,,,,
UK_wsi_2019_290,Developments of National Significance (Procedure) (Wales) (Amendment) Order,💚 TOWN & COUNTRY PLANNING,E+W,register_only,register,revoked,❌ Revoked / Repealed / Abolished,yes,enhesa_import,,,,
UK_eudr_1994_63,European Parliament and Council Directive 94/63/EC of 20 December 1994 on the control of volatile organic compound (VOC) emissions resulting from the storage of petrol and its distribution from terminals to service stations,,UK,register_only,tree,construction_misfire,needs 'construction' (statutory interpretation sense),yes,enhesa_import,,,,
UK_eudr_2008_68,Directive 2008/68/EC of the European Parliament and of the Council of 24 September 2008 on the inland transport of dangerous goods (Text with EEA relevance),💙 FIRE: Dangerous and Explosive Substances,UK,register_only,tree,construction_misfire,needs 'construction' (statutory interpretation sense),yes,enhesa_import,,,,
UK_uksi_1979_628,Social Security (Claims and Payments) Regulations,💜 HR: Insurance / Compensation / Wages / Benefits,UK,register_only,tree,construction_misfire,needs 'construction' (statutory interpretation sense),yes,enhesa_import,,,,
UK_uksi_1999_1148,Water Supply (Water Fittings) Regulations,💚 WATER & WASTEWATER,E+W,register_only,tree,construction_misfire,needs 'construction' (statutory interpretation sense),yes,enhesa_import,,,,
UK_uksi_2008_2694,Sustainable Communities Regulations,💚 CLIMATE CHANGE,UK,register_only,tree,construction_misfire,needs 'construction' (statutory interpretation sense),yes,enhesa_import,,,,
UK_uksi_2012_1657,Plant Protection Products (Sustainable Use) Regulations,💚 PLANT HEALTH,UK,register_only,tree,construction_misfire,needs 'construction' (statutory interpretation sense),yes,enhesa_import,,,,
UK_uksi_2015_51,Construction (Design and Management) Regulations,💙 OH&S: Occupational / Personal Safety,UK,register_only,tree,construction_misfire,needs 'construction' (statutory interpretation sense),yes,enhesa_import,,,,
UK_uksi_2020_1444,Clean Air Zones Central Services (Fees) (England) Regulations,💚 AIR QUALITY,UK,register_only,tree,construction_misfire,needs 'construction' (statutory interpretation sense),yes,enhesa_import,,,,
UK_asc_2023_3,Historic Environment (Wales) Act,💚 HISTORIC ENVIRONMENT,E+W,register_only,tree,generic_code_gate,,yes,enhesa_import,,,,
UK_asp_2003_1,Local Government in Scotland Act,,S,register_only,tree,generic_code_gate,,yes,enhesa_import,,,,
UK_eudr_1989_391,Council Directive of 12 June 1989 on the introduction of measures to encourage improvements in the safety and health of workers at work (89/391/EEC),💙 OH&S: Occupational / Personal Safety,UK,register_only,tree,generic_code_gate,,yes,enhesa_import,,,,
UK_eudr_2006_126,Directive 2006/126/EC of the European Parliament and of the Council of 20 December 2006 on driving licences (Recast) (Text with EEA relevance),💙 TRANSPORT: Road Safety,UK,register_only,tree,generic_code_gate,,yes,enhesa_import,,,,
UK_eudr_2011_92,Directive 2011/92/EU of the European Parliament and of the Council of 13 December 2011 on the assessment of the effects of certain public and private projects on the environment (codification) (Text with EEA relevance),💚 ENVIRONMENTAL PROTECTION,UK,register_only,tree,generic_code_gate,,yes,enhesa_import,,,,
UK_eudr_2012_27,"Directive 2012/27/EU of the European Parliament and of the Council of 25 October 2012 on energy efficiency, amending Directives 2009/125/EC and 2010/30/EU and repealing Directives 2004/8/EC and 2006/32/EC (Text with EEA relevance)",💚 ENERGY,UK,register_only,tree,generic_code_gate,,yes,enhesa_import,,,,
UK_eur_2008_304,"Commission Regulation (EC) No 304/2008 of 2 April 2008 establishing, pursuant to Regulation (EC) No 842/2006 of the European Parliament and of the Council, minimum requirements and the conditions for mutual recognition for the certification of companies and personnel as regards stationary fire protection systems and fire extinguishers containing certain fluorinated greenhouse gases (Text with EEA relevance)",💚 CLIMATE CHANGE,UK,register_only,tree,generic_code_gate,,yes,enhesa_import,,,,
UK_mwa_2010_8,Waste (Wales) Measure,💚 WASTE,W,register_only,tree,generic_code_gate,,yes,enhesa_import,,,,
UK_ssi_2004_428,Building (Procedure) (Scotland) Regulations,💙 PUBLIC: Building Safety,UK,register_only,tree,generic_code_gate,,yes,enhesa_import,,,,
UK_ssi_2009_140,Renewables Obligation (Scotland) Order,💚 ENERGY,UK,register_only,tree,generic_code_gate,,yes,enhesa_import,,,,
UK_ssi_2016_146,Assessment of Energy Performance of Non-domestic Buildings (Scotland) Regulations,💚 BUILDINGS,UK,register_only,tree,generic_code_gate,,yes,enhesa_import,,,,
UK_ssi_2016_93,Scottish Landfill Tax (Qualifying Material) Order,💚 WASTE,UK,register_only,tree,generic_code_gate,,yes,enhesa_import,,,,
UK_uksi_1971_161,Clean Air (Measurement of Grit and Dust from Furnaces) Regulations,💚 AIR QUALITY,UK,register_only,tree,generic_code_gate,,yes,enhesa_import,,,,
UK_uksi_1999_1006,Anti-Pollution Works Regulations,💚 WATER & WASTEWATER,UK,register_only,tree,generic_code_gate,,yes,enhesa_import,,,,
UK_uksi_1999_1774,Wireless Telegraphy (Licence Charges) Regulations,,,register_only,tree,generic_code_gate,,yes,enhesa_import,,,,
UK_uksi_1999_916,Water Protection Zone (River Dee Catchment) (Procedural and Other Provisions) Regulations,💚 WATER & WASTEWATER,UK,register_only,tree,generic_code_gate,,yes,enhesa_import,,,,
UK_uksi_2008_2852,REACH Enforcement Regulations,💙 PUBLIC: Consumer / Product Safety,UK,register_only,tree,generic_code_gate,,yes,enhesa_import,,,,
UK_uksi_2009_3344,Eels (England and Wales) Regulations,💚 FISHERIES & FISHING,UK,register_only,tree,generic_code_gate,,yes,enhesa_import,,,,
UK_uksi_2012_2782,Feed-in Tariffs Order,💚 ENERGY,GB,register_only,tree,generic_code_gate,,yes,enhesa_import,,,,
UK_uksi_2015_168,Ozone-Depleting Substances Regulations,💚 ENVIRONMENTAL PROTECTION,UK,register_only,tree,generic_code_gate,,yes,enhesa_import,,,,
UK_wsi_2012_1903,Natural Resources Body for Wales (Establishment) Order,💚 ENVIRONMENTAL PROTECTION,E+W,register_only,tree,generic_code_gate,,yes,enhesa_import,,,,
UK_asp_2005_13,"Smoking, Health and Social Care (Scotland) Act",💙 HEALTH: Public,S,register_only,tree,gov_actor_gate,,yes,enhesa_import,,,,
UK_asp_2021_4,UK Withdrawal from the European Union (Continuity) (Scotland) Act,,S,register_only,tree,gov_actor_gate,,yes,enhesa_import,,,,
UK_uksi_1992_2225,Notification of Cooling Towers and Evaporative Condensers Regulations,💙 OH&S: Occupational / Personal Safety,UK,register_only,tree,gov_actor_gate,,yes,enhesa_import,,,territorial,
UK_uksi_2014_1643,Energy Savings Opportunity Scheme Regulations,💚 ENERGY,UK,register_only,tree,gov_actor_gate,,yes,enhesa_import,,,,
UK_uksi_2019_421,Alternative Fuel Labelling and Greenhouse Gas Emissions (Miscellaneous Amendments) Regulations,💚 CLIMATE CHANGE,UK,register_only,tree,gov_actor_gate,,yes,enhesa_import,,,,
UK_anaw_2016_3,Environment (Wales) Act,💚 ENVIRONMENTAL PROTECTION,E+W,register_only,tree,no_tree,,yes,bms_import,,,,
UK_asp_2003_2,Land Reform (Scotland) Act,💚 TOWN & COUNTRY PLANNING,,register_only,tree,no_tree,,yes,bms_import,,,,
UK_asp_2003_8,Building (Scotland) Act,💙 PUBLIC: Building Safety,S,register_only,tree,no_tree,,yes,bms_import,,,,
UK_asp_2004_6,Nature Conservation (Scotland) Act,💚 WILDLIFE & COUNTRYSIDE,S,register_only,tree,no_tree,,yes,bms_import,,,,
UK_eudr_2009_104,Directive 2009/104/EC of the European Parliament and of the Council of 16 September 2009 concerning the minimum safety and health requirements for the use of work equipment by workers at work (second individual Directive within the meaning of Article 16(1) of Directive 89/391/EEC) (codified version) (Text with EEA relevance),💙 OH&S: Occupational / Personal Safety,UK,register_only,tree,no_tree,,yes,enhesa_import,,,,
UK_eudr_2009_161,Commission Directive 2009/161/EU of 17 December 2009 establishing a third list of indicative occupational exposure limit values in implementation of Council Directive 98/24/EC and amending Commission Directive 2000/39/EC (Text with EEA relevance),💙 OH&S: Occupational / Personal Safety,UK,register_only,tree,no_tree,,yes,enhesa_import,,,,
UK_eur_2017_548,Commission Implementing Regulation (EU) 2017/548 of 23 March 2017 laying down a standard form for the written statement on the removal or breakage of a tachograph seal (Text with EEA relevance),,UK,register_only,tree,no_tree,,yes,enhesa_import,,,,
UK_nisi_2006_1254,Fire and Rescue Services (Northern Ireland) Order,💙 FIRE,NI,register_only,tree,no_tree,,yes,bms_import,,,,
UK_ssi_2004_406,Building (Scotland) Regulations,💙 PUBLIC: Building Safety,S,register_only,tree,no_tree,,yes,enhesa_import,,,,
UK_ssi_2007_80,"Conservation (Natural Habitats, &c.) Amendment (Scotland) Regulations",💚 WILDLIFE & COUNTRYSIDE,S,register_only,tree,no_tree,,yes,bms_import,,,,
UK_ssi_2009_266,Environmental Liability (Scotland) Regulations,💚 ENVIRONMENTAL PROTECTION,S,register_only,tree,no_tree,,yes,bms_import,,,,
UK_ukpga_1960_30,Occupiers’ Liability (Scotland) Act,💙 OH&S: Occupational / Personal Safety,S,register_only,tree,no_tree,,yes,bms_import,,,,
UK_ukpga_1982_16,Civil Aviation Act,💙 TRANSPORT: Air Safety,UK,register_only,tree,no_tree,,yes,bms_import,,,,
UK_ukpga_1990_16,Food Safety Act,💙 FOOD,UK,register_only,tree,no_tree,,yes,bms_import,,,,
UK_ukpga_1990_8,Town and Country Planning Act,💚 TOWN & COUNTRY PLANNING,E+W,register_only,tree,no_tree,,yes,enhesa_import,,,,
UK_ukpga_1990_9,Planning (Listed Buildings and Conservation Areas) Act,💚 TOWN & COUNTRY PLANNING,E+W,register_only,tree,no_tree,,yes,enhesa_import,,,,
UK_ukpga_2000_23,Regulation of Investigatory Powers Act,,UK,register_only,tree,no_tree,,yes,bms_import,,,,
UK_ukpga_2003_20,Railways and Transport Safety Act,💙 TRANSPORT: Rail Safety,UK,register_only,tree,no_tree,,yes,bms_import,,,,
UK_ukpga_2003_21,Communications Act,,UK,register_only,tree,no_tree,,yes,enhesa_import,,,,
UK_ukpga_2004_21,Fire and Rescue Services Act,💙 FIRE,GB,register_only,tree,no_tree,,yes,bms_import,,,,
UK_ukpga_2006_36,Wireless Telegraphy Act,,UK,register_only,tree,no_tree,,yes,bms_import,,,,
UK_ukpga_2006_38,Violent Crime Reduction Act,,UK,register_only,tree,no_tree,,yes,bms_import,,,,
UK_ukpga_2006_49,Road Safety Act,💙 TRANSPORT: Road Safety,UK,register_only,tree,no_tree,,yes,bms_import,,,,
UK_ukpga_2015_30,Modern Slavery Act,💜 HR: Employment,UK,register_only,tree,no_tree,,yes,bms_import,,,,
UK_ukpga_2018_12,Data Protection Act,💙 PUBLIC: Data,UK,register_only,tree,no_tree,,yes,bms_import,,,,
UK_ukpga_2020_7,Coronavirus Act,💙 HEALTH: Coronavirus,UK,register_only,tree,no_tree,,yes,bms_import,,,,
UK_ukpga_2022_30,Building Safety Act,💙 PUBLIC: Building Safety,UK,register_only,tree,no_tree,,yes,enhesa_import,,,,
UK_uksi_1989_1796,Road Vehicles Lighting Regulations,💙 TRANSPORT: Road Safety,GB,register_only,tree,no_tree,,yes,bms_import,,,,
UK_uksi_1997_2962,Merchant Shipping and Fishing Vessels (Health and Safety at Work) Regulations,💙 TRANSPORT: Maritime Safety,UK,register_only,tree,no_tree,,yes,bms_import,,,,
UK_uksi_1998_1941,Firearms Rules,💙 PUBLIC,UK,register_only,tree,no_tree,,yes,bms_import,,,,
UK_uksi_1999_3106,Good Laboratory Practice Regulations,💙 OH&S: Occupational / Personal Safety,UK,register_only,tree,no_tree,,yes,bms_import,,,,
UK_uksi_2001_1701,Noise Emission in the Environment by Equipment for use Outdoors Regulations,💚 NOISE,UK,register_only,tree,no_tree,,yes,bms_import,,,,
UK_uksi_2002_1587,Merchant Shipping (Diving Safety) Regulations,💙 TRANSPORT: Maritime Safety,UK,register_only,tree,no_tree,,yes,bms_import,,,,
UK_uksi_2003_2457,Management of Health and Safety at Work and Fire Precautions (Workplace) (Amendment) Regulations,💙 OH&S: Occupational / Personal Safety,UK,register_only,tree,no_tree,,yes,bms_import,,,,
UK_uksi_2004_1309,Adventure Activities Licensing Regulations,💙 OH&S: Occupational / Personal Safety,UK,register_only,tree,no_tree,,yes,bms_import,,,,
UK_uksi_2005_1378,Wireless Telegraphy (Licence Charges) Regulations,,,register_only,tree,no_tree,,yes,bms_import,,,,
UK_uksi_2006_2183,Merchant Shipping and Fishing Vessels (Provision and Use of Work Equipment) Regulations,💙 TRANSPORT: Maritime Safety,UK,register_only,tree,no_tree,,yes,bms_import,,,,
UK_uksi_2006_2184,Merchant Shipping and Fishing Vessels (Lifting Operations and Lifting Equipment) Regulations,💙 TRANSPORT: Maritime Safety,UK,register_only,tree,no_tree,,yes,bms_import,,,,
UK_uksi_2007_3075,Merchant Shipping and Fishing Vessels (Control of Noise at Work) Regulations,💙 TRANSPORT: Maritime Safety,UK,register_only,tree,no_tree,,yes,bms_import,,,,
UK_uksi_2007_3077,Merchant Shipping and Fishing Vessels (Control of Vibration at Work) Regulations,💙 TRANSPORT: Maritime Safety,UK,register_only,tree,no_tree,,yes,bms_import,,,,
UK_uksi_2008_2164,Batteries and Accumulators (Placing on the Market) Regulations,💚 WASTE,UK,register_only,tree,no_tree,,yes,bms_import,,,,
UK_uksi_2009_3155,Accreditation Regulations,,UK,register_only,tree,no_tree,,yes,bms_import,,,,
UK_uksi_2010_1627,Marine Strategy Regulations,💚 MARINE & RIVERINE,UK,register_only,tree,no_tree,,yes,bms_import,,,,
UK_uksi_2010_330,Merchant Shipping and Fishing Vessels (Health and Safety at Work) (Chemical Agents) Regulations,💙 TRANSPORT: Maritime Safety,UK,register_only,tree,no_tree,,yes,bms_import,,,,
UK_uksi_2010_332,Merchant Shipping and Fishing Vessels (Health and Safety at Work) (Work at Height) Regulations,💙 TRANSPORT: Maritime Safety,UK,register_only,tree,no_tree,,yes,bms_import,,,,
UK_uksi_2010_93,Agency Workers Regulations,💜 HR: Employment,UK,register_only,tree,no_tree,,yes,bms_import,,,,
UK_uksi_2011_1885,Carriage of Dangerous Goods and Use of Transportable Pressure Equipment (Amendment) Regulations,💙 OH&S: Occupational / Personal Safety,UK,register_only,tree,no_tree,,yes,bms_import,,,,
UK_uksi_2011_2157,Supply of Machinery (Safety) (Amendment) Regulations,💙 OH&S: Occupational / Personal Safety,UK,register_only,tree,no_tree,,yes,bms_import,,,,
UK_uksi_2012_3032,Restriction of the Use of Certain Hazardous Substances in Electrical and Electronic Equipment Regulations,💙 PUBLIC: Consumer / Product Safety,UK,register_only,tree,no_tree,,yes,bms_import,,,,
UK_uksi_2015_1640,Packaging (Essential Requirements) Regulations,💚 WASTE,UK,register_only,tree,no_tree,,yes,bms_import,,,,
UK_uksi_2015_21,"Classification, Labelling and Packaging of Chemicals (Amendments to Secondary Legislation) Regulations",💙 OH&S: Occupational / Personal Safety,UK,register_only,tree,no_tree,,yes,bms_import,,,,
UK_uksi_2015_668,Nitrate Pollution Prevention Regulations,💚 POLLUTION,UK,register_only,tree,no_tree,,yes,bms_import,,,,
UK_uksi_2015_962,Energy Efficiency (Private Rented Property) (England and Wales) Regulations,💚 CLIMATE CHANGE,E+W,register_only,tree,no_tree,,yes,bms_import,,,,
UK_uksi_2016_1026,Merchant Shipping and Fishing Vessels (Health and Safety at Work) (Electromagnetic Fields) Regulations,💙 TRANSPORT: Maritime Safety,UK,register_only,tree,no_tree,,yes,bms_import,,,,
UK_uksi_2016_315,Explosives Regulations 2014 (Amendment) Regulations,💙 FIRE: Dangerous and Explosive Substances,UK,register_only,tree,no_tree,,yes,bms_import,,,,
UK_uksi_2016_765,Air Navigation Order,💙 TRANSPORT: Air Safety,UK,register_only,tree,no_tree,,yes,bms_import,,,,
UK_uksi_2017_1013,Conservation of Offshore Marine Habitats and Species Regulations,💚 WILDLIFE & COUNTRYSIDE,UK,register_only,tree,no_tree,,yes,bms_import,,,,
UK_uksi_2018_1203,Trailer Registration Regulations,,UK,register_only,tree,no_tree,,yes,bms_import,,,,
UK_uksi_2018_139,Gas Safety (Installation and Use) (Amendment) Regulations,💙 OH&S: Gas & Electrical Safety,UK,register_only,tree,no_tree,,yes,bms_import,,,,
UK_uksi_2018_482,Ionising Radiation (Basic Safety Standards) (Miscellaneous Provisions) Regulations,💚 NUCLEAR & RADIOLOGICAL,,register_only,tree,no_tree,,yes,bms_import,,,,
UK_uksi_2018_506,Network and Information Systems Regulations,💙 PUBLIC: Data,UK,register_only,tree,no_tree,,yes,bms_import,,,,
UK_uksi_2018_623,Air Navigation (Amendment) Order,💙 TRANSPORT: Air Safety,UK,register_only,tree,no_tree,,yes,bms_import,,,,
UK_uksi_2018_800,Offshore Environmental Civil Sanctions Regulations,💚 ENVIRONMENTAL PROTECTION,UK,register_only,tree,no_tree,,yes,bms_import,,,,
UK_uksi_2018_98,Fluorinated Greenhouse Gases (Amendment) Regulations,💚 CLIMATE CHANGE,UK,register_only,tree,no_tree,,yes,bms_import,,,,
UK_uksi_2019_1115,Air Navigation (Cosmic Radiation: Protection of Air Crew and Space Crew and Consequential Amendments) Order,💙 TRANSPORT: Air Safety,UK,register_only,tree,no_tree,,yes,bms_import,,,,
UK_wsi_2001_3545,Special Waste (Amendment) (Wales) Regulations,💚 WASTE,UK,register_only,tree,no_tree,,yes,bms_import,,,,
UK_wsi_2005_1806,Hazardous Waste (Wales) Regulations,💚 WASTE,E+W,register_only,tree,no_tree,,yes,bms_import,,,,
UK_wsi_2008_1081,Heather and Grass etc. Burning (Wales) Regulations,💚 WILDLIFE & COUNTRYSIDE,UK,register_only,tree,no_tree,,yes,bms_import,,,,
UK_wsi_2009_2861,Hazardous Waste (Wales) (Amendment) Regulations,💚 WASTE,UK,register_only,tree,no_tree,,yes,bms_import,,,,
UK_wsi_2009_995,Environmental Damage (Prevention and Remediation) (Wales) Regulations,💚 ENVIRONMENTAL PROTECTION,UK,register_only,tree,no_tree,,yes,bms_import,,,,
UK_wsi_2010_1821,Environmental Civil Sanctions (Wales) Order,💚 ENVIRONMENTAL PROTECTION,UK,register_only,tree,no_tree,,yes,bms_import,,,,
UK_wsi_2012_1085,Fire Safety (Employees' Capabilities) (Wales) Regulations,💙 FIRE,UK,register_only,tree,no_tree,,yes,enhesa_import,,,,
UK_wsi_2017_567,Town and Country Planning (Environmental Impact Assessment) (Wales) Regulations,💚 TOWN & COUNTRY PLANNING,E+W,register_only,tree,no_tree,,yes,enhesa_import,,,,
UK_wsi_2024_1268,Building (Registered Building Control Approvers etc.) (Wales) Regulations,💙 PUBLIC: Building Safety,E+W,register_only,tree,no_tree,,yes,enhesa_import,,,,
UK_ukpga_2003_33,Waste and Emissions Trading Act,💚 WASTE,UK,screener_only,screener,register_says_no,,no,enhesa_import,1.0,strong,material/territorial,
UK_ukpga_2008_32,Energy Act,💚 ENERGY,UK,screener_only,screener,register_says_no,,no,enhesa_import,0.85,strong,territorial,
UK_uksi_2001_7,Climate Change Levy (Registration and Miscellaneous Provisions) Regulations,💚 CLIMATE CHANGE,UK,screener_only,screener,register_says_no,,no,enhesa_import,0.6,probable,territorial,time window … to 2001-01-29
UK_uksi_2012_3038,Greenhouse Gas Emissions Trading Scheme Regulations,💚 CLIMATE CHANGE,UK,screener_only,screener,register_says_no,,no,enhesa_import,1.0,strong,personal/territorial,
UK_uksi_2017_841,Water Infrastructure Adoption (Prescribed Water Fittings Requirements) (England) Regulations,💚 WATER & WASTEWATER,E+W,screener_only,screener,register_says_no,,no,enhesa_import,1.0,strong,territorial,
UK_uksi_2020_1265,Greenhouse Gas Emissions Trading Scheme Order,💚 CLIMATE CHANGE,UK,screener_only,screener,register_says_no,,no,enhesa_import,1.0,strong,material/personal/territorial,
UK_uksi_2021_484,Greenhouse Gas Emissions Trading Scheme Auctioning Regulations,💚 CLIMATE CHANGE,UK,screener_only,screener,register_says_no,,no,enhesa_import,1.0,strong,material,
UK_uksi_2021_534,Air Navigation (Carbon Offsetting and Reduction Scheme for International Aviation) Order,💚 CLIMATE CHANGE,UK,screener_only,screener,register_says_no,,no,enhesa_import,1.0,strong,personal,
UK_nia_2013_10,Marine Act (Northern Ireland),💚 MARINE & RIVERINE,NI,screener_only,tree,soft_disapplication,may be disapplied: territorial:territorial_sea,,,0.525,probable,territorial,may be disapplied: territorial:territorial_sea
UK_nisr_1996_228,"Offshore Installations and Wells (Design and Construction, etc.) Regulations (Northern Ireland)",💙 OH&S: Offshore Safety,UK,screener_only,tree,soft_disapplication,may be disapplied: personal:worker; may be disapplied: territorial:workplace,,,0.6,probable,territorial,may be disapplied: personal:worker; may be disapplied: territorial:workplace
UK_nisr_1996_262,Marking of Plastic Explosive for Detection Regulations (Northern Ireland),💙 FIRE: Dangerous and Explosive Substances,UK,screener_only,tree,soft_disapplication,may be disapplied: material:explosives,,,0.6,probable,,may be disapplied: material:explosives
UK_nisr_1999_13,Confined Spaces Regulations (Northern Ireland),💙 OH&S: Occupational / Personal Safety,NI,screener_only,tree,soft_disapplication,may be disapplied: material:diving_operations; may be disapplied: personal:employer; may be disapplied: territorial:ship; may be disapplied: territorial:aircraft,,,0.6,probable,territorial,may be disapplied: material:diving_operations; may be disapplied: personal:employer; may be disapplied: territorial:ship; may be disapplied: territorial:aircraft
UK_nisr_2010_160,Carriage of Dangerous Goods and Use of Transportable Pressure Equipment Regulations (Northern Ireland),💙 OH&S: Occupational / Personal Safety,NI,screener_only,tree,soft_disapplication,"may be disapplied: material:vehicle; may be disapplied: personal:employer,employee; may be disapplied: personal:worker",,,0.6,probable,material/territorial,"may be disapplied: material:vehicle; may be disapplied: personal:employer,employee; may be disapplied: personal:worker"
UK_nisr_2010_325,Fire Safety Regulations (Northern Ireland),💙 FIRE,NI,screener_only,tree,soft_disapplication,may be disapplied: material:explosives; may be disapplied: personal:worker,,,0.6,probable,material/personal/territorial,may be disapplied: material:explosives; may be disapplied: personal:worker
UK_nisr_2010_59,Carriage of Explosives Regulations (Northern Ireland),💙 FIRE: Dangerous and Explosive Substances,NI,screener_only,tree,soft_disapplication,may be disapplied: material:vehicle; may be disapplied: material:construction_work; time window … to 2010-11-04,,,0.6,probable,material/territorial,may be disapplied: material:vehicle; may be disapplied: material:construction_work; time window … to 2010-11-04
UK_nisr_2014_224,Control of Explosives Precursors etc. Regulations (Northern Ireland),💙 FIRE: Dangerous and Explosive Substances,NI,screener_only,tree,soft_disapplication,"may be disapplied: personal:person_at_work,worker",,,0.6,probable,material/territorial,"may be disapplied: personal:person_at_work,worker"
UK_nisr_2015_236,Explosives (Appointment of Authorities and Enforcement) Regulations (Northern Ireland),💙 FIRE: Dangerous and Explosive Substances,NI,screener_only,tree,soft_disapplication,may be disapplied: material:explosives; may be disapplied: material:substances,,,0.6,probable,territorial,may be disapplied: material:explosives; may be disapplied: material:substances
UK_nisr_2016_146,Construction (Design and Management) Regulations (Northern Ireland),💙 OH&S: Occupational / Personal Safety,NI,screener_only,tree,soft_disapplication,may be disapplied: material:explosives; may be disapplied: personal:client,,,0.6,probable,material/territorial,may be disapplied: material:explosives; may be disapplied: personal:client
UK_nisr_2016_266,Control of Electromagnetic Fields at Work Regulations (Northern Ireland),💙 OH&S: Gas & Electrical Safety,UK,screener_only,tree,soft_disapplication,may be disapplied: material:explosives; may be disapplied: personal:employee,,,0.6,probable,material/territorial,may be disapplied: material:explosives; may be disapplied: personal:employee
UK_ssi_2026_75,Environmental Protection (Wet Wipes Containing Plastic) (Scotland) Regulations,💚 ENVIRONMENTAL PROTECTION,UK,screener_only,tree,soft_disapplication,may be disapplied: material:construction_work; time window 2027-08-11 to …,,,0.6,probable,territorial,may be disapplied: material:construction_work; time window 2027-08-11 to …
UK_ukpga_1965_57,Nuclear Installations Act,💚 NUCLEAR & RADIOLOGICAL,UK,screener_only,tree,soft_disapplication,"may be disapplied: territorial:ship,aircraft; may be disapplied: material:vehicle",,,0.6,probable,conditional/material/personal/territorial,"may be disapplied: territorial:ship,aircraft; may be disapplied: material:vehicle"
UK_ukpga_1971_60,Prevention of Oil Pollution Act,💚 POLLUTION,UK,screener_only,tree,soft_disapplication,may be disapplied: territorial:scotland,,,0.6,probable,material/personal/territorial,may be disapplied: territorial:scotland
UK_ukpga_1987_43,Consumer Protection Act,💙 PUBLIC: Consumer / Product Safety,UK,screener_only,tree,soft_disapplication,may be disapplied: material:producer,,,0.6,probable,conditional/material/territorial,may be disapplied: material:producer
UK_ukpga_2008_29,Planning Act,💚 PLANNING & INFRASTRUCTURE,UK,screener_only,tree,soft_disapplication,may be disapplied: material:vehicle,,,0.6,probable,material/territorial,may be disapplied: material:vehicle
UK_ukpga_2018_15,Nuclear Safeguards Act,💚 NUCLEAR & RADIOLOGICAL,UK,screener_only,tree,soft_disapplication,may be disapplied: territorial:united_kingdom,,,0.6,probable,territorial,may be disapplied: territorial:united_kingdom
UK_ukpga_2020_22,Fisheries Act,💚 FISHERIES & FISHING,UK,screener_only,tree,soft_disapplication,may be disapplied: territorial:great_britain; may be disapplied: material:carriage_of_goods; may be disapplied: personal:operator; time window … to 2021-12-31,,,0.6,probable,territorial,may be disapplied: territorial:great_britain; may be disapplied: material:carriage_of_goods; may be disapplied: personal:operator; time window … to 2021-12-31
UK_uksi_1996_1656,Work in Compressed Air Regulations,💙 OH&S: Occupational / Personal Safety,UK,screener_only,tree,soft_disapplication,may be disapplied: conditional:at_work; may be disapplied: material:diving_operations,,,0.6,probable,material/personal,may be disapplied: conditional:at_work; may be disapplied: material:diving_operations
UK_uksi_1996_913,"Offshore Installations and Wells (Design and Construction, etc.) Regulations",💙 OH&S: Offshore Safety,GB,screener_only,tree,soft_disapplication,may be disapplied: personal:worker; may be disapplied: territorial:workplace,,,0.525,probable,territorial,may be disapplied: personal:worker; may be disapplied: territorial:workplace
UK_uksi_2002_2665,"Electricity Safety, Quality and Continuity Regulations",💙 OH&S: Gas & Electrical Safety,GB,screener_only,tree,soft_disapplication,may be disapplied: material:substances,,,0.6,probable,personal,may be disapplied: material:substances
UK_uksi_2010_639,"Water Resources (Control of Pollution) (Silage, Slurry and Agricultural Fuel Oil) (England) Regulations",💚 WATER & WASTEWATER,E+W,screener_only,tree,soft_disapplication,may be disapplied: material:vehicle,,,0.6,probable,material/territorial,may be disapplied: material:vehicle
UK_uksi_2011_1881,Toys (Safety) Regulations,💙 PUBLIC: Consumer / Product Safety,UK,screener_only,tree,soft_disapplication,may be disapplied: territorial:united_kingdom; may be disapplied: material:vehicle; may be disapplied: material:construction_work,,,0.6,probable,personal,may be disapplied: territorial:united_kingdom; may be disapplied: material:vehicle; may be disapplied: material:construction_work
UK_uksi_2013_1582,Water Industry (Specified Infrastructure Projects) (English Undertakers) Regulations,💚 WATER & WASTEWATER,E+W,screener_only,tree,soft_disapplication,may be disapplied: personal:operator,,,0.6,probable,material/territorial,may be disapplied: personal:operator
UK_uksi_2013_971,Offshore Combustion Installations (Pollution Prevention and Control) Regulations,💚 POLLUTION,UK,screener_only,tree,soft_disapplication,may be disapplied: territorial:territorial_sea,,,0.6,probable,personal/territorial,may be disapplied: territorial:territorial_sea
UK_uksi_2018_369,Waste Enforcement (England and Wales) Regulations,💚 WASTE,UK,screener_only,tree,soft_disapplication,may be disapplied: material:construction_work,,,0.6,probable,material/personal/territorial,may be disapplied: material:construction_work
UK_uksi_2019_196,Nuclear Safeguards (EU Exit) Regulations,💚 NUCLEAR & RADIOLOGICAL,UK,screener_only,tree,soft_disapplication,may be disapplied: material:waste,,,0.6,probable,personal/territorial,may be disapplied: material:waste
UK_uksi_2020_206,Official Controls (Plant Health and Genetically Modified Organisms) (Wales) Regulations,💚 ENVIRONMENTAL PROTECTION,E+W,screener_only,tree,soft_disapplication,may be disapplied: material:construction_work; may be disapplied: personal:operator; time window … to 2020-05-04,,,0.6,probable,territorial,may be disapplied: material:construction_work; may be disapplied: personal:operator; time window … to 2020-05-04
UK_uksi_2026_151,Fenwick Solar Farm Order,💚 PLANNING & INFRASTRUCTURE,UK,screener_only,tree,soft_disapplication,may be disapplied: material:construction_work; may be disapplied: territorial:premises; time window … to 2026-05-08,,,0.6,probable,material,may be disapplied: material:construction_work; may be disapplied: territorial:premises; time window … to 2026-05-08
UK_uksi_2026_237,Bereaved Partner’s Paternity Leave Regulations,💜 HR: Employment,UK,screener_only,tree,soft_disapplication,may be disapplied: material:construction_work,,,0.6,probable,personal,may be disapplied: material:construction_work
UK_uksi_2026_318,Ecodesign for Energy-Related Products and Energy Information (Household Tumble Dryers) Regulations,💚 ENERGY,UK,screener_only,tree,soft_disapplication,may be disapplied: material:construction_work; time window 2027-01-19 to …,,,0.6,probable,territorial,may be disapplied: material:construction_work; time window 2027-01-19 to …
UK_uksi_2026_430,Merchant Shipping (Accident Reporting and Investigation) Regulations,💙 TRANSPORT: Maritime Safety,UK,screener_only,tree,soft_disapplication,may be disapplied: material:substances,,,0.6,probable,material/territorial,may be disapplied: material:substances
UK_wsi_2021_77,Water Resources (Control of Agricultural Pollution) (Wales) Regulations,💚 WATER & WASTEWATER,E+W,screener_only,tree,soft_disapplication,may be disapplied: material:explosives; may be disapplied: material:vehicle; may be disapplied: personal:occupier; time window … to 2023-01-01,,,0.6,probable,territorial,may be disapplied: material:explosives; may be disapplied: material:vehicle; may be disapplied: personal:occupier; time window … to 2023-01-01
UK_wsi_2026_105,Digital Waste Tracking (Wales) Regulations,💚 ENVIRONMENTAL PROTECTION,UK,screener_only,tree,soft_disapplication,may be disapplied: material:waste; time window 2026-10-01 to …,,,0.6,probable,material/territorial,may be disapplied: material:waste; time window 2026-10-01 to …
UK_nisi_1992_1728,"Offshore, and Pipelines, Safety (Northern Ireland) Order",💙 OH&S: Offshore Safety,NI,screener_only,tree,territory_branch_match,tree has conditional/material/personal/territorial but matched on territory,,,0.525,probable,territorial,
UK_nisr_1995_340,Offshore Installations and Pipeline Works (Management and Administration) Regulations (Northern Ireland),💙 OH&S: Offshore Safety,UK,screener_only,tree,territory_branch_match,tree has material/personal/territorial but matched on territory,,,0.7,probable,territorial,
UK_nisr_1997_195,Gas Safety (Management) Regulations (Northern Ireland),💙 OH&S: Gas & Electrical Safety,UK,screener_only,tree,territory_branch_match,tree has material/territorial but matched on territory,,,1.0,strong,territorial,
UK_ssi_2026_67,Animal Health (Fixed Penalty Notices) (Scotland) Regulations,💚 ANIMALS & ANIMAL HEALTH,UK,screener_only,tree,territory_branch_match,tree has material/territorial but matched on territory,,,1.0,strong,territorial,
UK_ukpga_1963_41,"Offices, Shops and Railway Premises Act",💙 OH&S: Occupational / Personal Safety,GB,screener_only,tree,territory_branch_match,tree has material/personal/territorial but matched on territory,,,1.0,strong,territorial,
UK_ukpga_1971_61,Mineral Workings (Offshore Installations) Act,💙 OH&S: Offshore Safety,UK,screener_only,tree,territory_branch_match,tree has material/personal/territorial but matched on territory,,,0.8,strong,territorial,
UK_ukpga_1978_38,Consumer Safety Act,💙 PUBLIC: Consumer / Product Safety,UK,screener_only,tree,territory_branch_match,tree has material/personal/territorial but matched on territory,,,0.8,strong,territorial,
UK_ukpga_1984_26,Inshore Fishing (Scotland) Act,💚 FISHERIES & FISHING,S,screener_only,tree,territory_branch_match,tree has material/personal/territorial but matched on territory,,,1.0,strong,territorial,
UK_ukpga_1987_12,Petroleum Act,💙 FIRE: Dangerous and Explosive Substances,UK,screener_only,tree,territory_branch_match,tree has material/personal/territorial but matched on territory,,,0.75,probable,territorial,
UK_ukpga_1990_11,Planning (Consequential Provisions) Act,💚 PLANNING & INFRASTRUCTURE,UK,screener_only,tree,territory_branch_match,tree has material/personal/territorial but matched on territory,,,1.0,strong,territorial,
UK_ukpga_1991_60,Water Consolidation (Consequential Provisions) Act,💚 WATER & WASTEWATER,UK,screener_only,tree,territory_branch_match,tree has material/personal/temporal/territorial but matched on territory,,,1.0,strong,territorial,
UK_ukpga_1992_51,Protection of Badgers Act,💚 WILDLIFE & COUNTRYSIDE,GB,screener_only,tree,territory_branch_match,tree has material/personal/territorial but matched on territory,,,1.0,strong,territorial,
UK_ukpga_1994_27,Inshore Fishing (Scotland) Act,💚 FISHERIES & FISHING,S,screener_only,tree,territory_branch_match,tree has personal/territorial but matched on territory,,,1.0,strong,territorial,
UK_ukpga_1997_9,Planning (Listed Buildings and Conservation Areas) (Scotland) Act,💚 PLANNING & INFRASTRUCTURE,UK,screener_only,tree,territory_branch_match,tree has material/personal/territorial but matched on territory,,,1.0,strong,territorial,
UK_ukpga_2006_19,Climate Change and Sustainable Energy Act,💚 CLIMATE CHANGE,UK,screener_only,tree,territory_branch_match,tree has material/personal/temporal/territorial but matched on territory,,,1.0,strong,territorial,
UK_ukpga_2009_19,Green Energy (Definition and Promotion) Act,💚 ENERGY,E+W,screener_only,tree,territory_branch_match,tree has personal/temporal/territorial but matched on territory,,,1.0,strong,territorial,
UK_ukpga_2014_21,Water Act,💚 WATER & WASTEWATER,UK,screener_only,tree,territory_branch_match,tree has material/personal/territorial but matched on territory,,,1.0,strong,territorial,
UK_ukpga_2016_20,Energy Act,💚 ENERGY,UK,screener_only,tree,territory_branch_match,tree has material/personal/temporal/territorial but matched on territory,,,0.75,probable,territorial,
UK_ukpga_2026_9,Sustainable Aviation Fuel Act,💚 TRANSPORT: Aviation,UK,screener_only,tree,territory_branch_match,tree has material/temporal/territorial but matched on territory,,,0.85,strong,territorial,
UK_uksi_1991_2539,Control of Pollution (Radioactive Waste) (Scotland) Regulations,💚 NUCLEAR & RADIOLOGICAL,UK,screener_only,tree,territory_branch_match,tree has material/territorial but matched on territory,,,1.0,strong,territorial,
UK_uksi_2002_2686,Town and Country Planning (Enforcement) (Inquiries Procedure) (England) Rules,💚 TOWN & COUNTRY PLANNING,UK,screener_only,tree,territory_branch_match,tree has material/personal/territorial but matched on territory,,,1.0,strong,territorial,
UK_uksi_2003_2004,Access to the Countryside (Dedication of Land) (England) Regulations,💚 WILDLIFE & COUNTRYSIDE,E+W,screener_only,tree,territory_branch_match,tree has material/territorial but matched on territory,,,1.0,strong,territorial,
UK_uksi_2007_727,Water Resources Management Plan Regulations,💚 WATER & WASTEWATER,E+W,screener_only,tree,territory_branch_match,tree has material/personal/territorial but matched on territory,,,1.0,strong,territorial,
UK_uksi_2009_2813,Offshore Gas Storage and Unloading (Licensing) Regulations,💚 OIL & GAS - OFFSHORE - PETROLEUM,UK,screener_only,tree,territory_branch_match,tree has material/territorial but matched on territory,,,0.7,probable,territorial,
UK_uksi_2009_2814,"Offshore Exploration (Petroleum, and Gas Storage and Unloading) (Model Clauses) Regulations",💚 OIL & GAS - OFFSHORE - PETROLEUM,UK,screener_only,tree,territory_branch_match,tree has material/territorial but matched on territory,,,0.7,probable,territorial,
UK_uksi_2011_1483,Storage of Carbon Dioxide (Termination of Licences) Regulations,💚 CLIMATE CHANGE,UK,screener_only,tree,territory_branch_match,tree has material/personal/temporal/territorial but matched on territory,,,1.0,strong,territorial,
UK_uksi_2011_2019,Access to the Countryside (Appeals against Works Notices) (England) Regulations,💚 WILDLIFE & COUNTRYSIDE,UK,screener_only,tree,territory_branch_match,tree has material/personal/territorial but matched on territory,,,1.0,strong,territorial,
UK_uksi_2011_2305,Storage of Carbon Dioxide (Access to Infrastructure) Regulations,💚 CLIMATE CHANGE,UK,screener_only,tree,territory_branch_match,tree has material/personal/temporal/territorial but matched on territory,,,1.0,strong,territorial,
UK_uksi_2012_801,Town and Country Planning (Development Management Procedure) (Wales) Order,💚 TOWN & COUNTRY PLANNING,E+W,screener_only,tree,territory_branch_match,tree has material/personal/territorial but matched on territory,,,1.0,strong,territorial,
UK_uksi_2015_10,Keeping and Introduction of Fish (England and River Esk Catchment Area) Regulations,💚 MARINE & RIVERINE,UK,screener_only,tree,territory_branch_match,tree has material/territorial but matched on territory,,,1.0,strong,territorial,
UK_uksi_2015_1522,"Town and Country Planning (Fees for Applications, Deemed Applications and Site Visits) (Wales) Regulations",💚 TOWN & COUNTRY PLANNING,E+W,screener_only,tree,territory_branch_match,tree has material/personal/temporal/territorial but matched on territory,,,1.0,strong,territorial,
UK_uksi_2018_42,Nuclear Installations (Prescribed Sites and Transport) Regulations,💚 NUCLEAR & RADIOLOGICAL,UK,screener_only,tree,territory_branch_match,tree has material/temporal/territorial but matched on territory,,,0.75,probable,territorial,
UK_uksi_2020_41,Countryside Stewardship (England) Regulations,💚 WILDLIFE & COUNTRYSIDE,E+W,screener_only,tree,territory_branch_match,tree has material/territorial but matched on territory,,,1.0,strong,territorial,
UK_uksi_2022_565,Boiler Upgrade Scheme (England and Wales) Regulations,💚 ENERGY,UK,screener_only,tree,territory_branch_match,tree has material/personal/territorial but matched on territory,,,1.0,strong,territorial,
UK_uksi_2026_389,Warm Home Discount (England and Wales) Regulations,💚 ENERGY,UK,screener_only,tree,territory_branch_match,tree has material/personal/temporal/territorial but matched on territory,,,1.0,strong,territorial,
UK_uksi_2026_425,Data Protection Act 2018 (Code of Practice on Artificial Intelligence and Automated Decision-Making) Regulations,💙 PUBLIC: Data,UK,screener_only,tree,territory_branch_match,tree has material/temporal/territorial but matched on territory,,,0.85,strong,territorial,
UK_wsi_2014_3303,Keeping and Introduction of Fish (Wales) Regulations,💚 FISHERIES & FISHING,UK,screener_only,tree,territory_branch_match,tree has material/temporal/territorial but matched on territory,,,1.0,strong,territorial,
UK_wsi_2018_1216,"Environment, Planning and Rural Affairs (Miscellaneous Amendments) (Wales) Regulations",💚 WATER & WASTEWATER,E+W,screener_only,tree,territory_branch_match,tree has material/temporal/territorial but matched on territory,,,1.0,strong,territorial,
UK_nisr_1995_345,"Offshore Installations (Prevention of Fire and Explosion, and Emergency Response) Regulations (Northern Ireland)",💙 OH&S: Offshore Safety,UK,screener_only,tree,territory_only_tree,,,,0.8,strong,territorial,
UK_ssi_2010_216,Carbon Accounting Scheme (Scotland) Regulations,💚 CLIMATE CHANGE,S,screener_only,tree,territory_only_tree,,,,1.0,strong,territorial,
UK_ssi_2012_174,Wildlife and Countryside Act 1981 (Keeping and Release and Notification Requirements) (Scotland) Order,💚 WILDLIFE & COUNTRYSIDE,UK,screener_only,tree,territory_only_tree,,,,1.0,strong,territorial,
UK_ukpga_1980_27,Import of Live Fish (England and Wales) Act,💚 FISHERIES & FISHING,E+W,screener_only,tree,territory_only_tree,,,,1.0,strong,territorial,
UK_uksi_1988_819,Collection and Disposal of Waste Regulations,💚 WASTE,UK,screener_only,tree,territory_only_tree,,,,1.0,strong,,
UK_uksi_1989_1671,Offshore Installations and Pipeline Works (First-Aid) Regulations,💙 OH&S: Offshore Safety,UK,screener_only,tree,territory_only_tree,,,,0.56,probable,territorial,
UK_uksi_1989_971,Offshore Installations (Safety Representatives and Safety Committees) Regulations,💙 OH&S: Offshore Safety,UK,screener_only,tree,territory_only_tree,,,,0.525,probable,territorial,
UK_uksi_1995_743,"Offshore Installations (Prevention of Fire and Explosion, and Emergency Response) Regulations",💙 OH&S: Offshore Safety,GB,screener_only,tree,territory_only_tree,,,,0.45,possible,territorial,
UK_uksi_2009_2264,Infrastructure Planning (Applications: Prescribed Forms and Procedure) Regulations,💚 PLANNING & INFRASTRUCTURE,UK,screener_only,tree,territory_only_tree,,,,1.0,strong,,
UK_uksi_2013_1986,Electricity (Necessary Wayleaves and Felling and Lopping of Trees) (Charges) (England and Wales) Regulations,💚 ENERGY,UK,screener_only,tree,territory_only_tree,,,,1.0,strong,territorial,
UK_uksi_2013_2696,Carbon Capture Readiness (Electricity Generating Stations) Regulations,💚 CLIMATE CHANGE,GB,screener_only,tree,territory_only_tree,,,,0.75,probable,territorial,
UK_uksi_2013_755,Natural Resources Body for Wales (Functions) Order,💚 WILDLIFE & COUNTRYSIDE,E+W,screener_only,tree,territory_only_tree,,,,1.0,strong,,
UK_uksi_2022_62,Carbon Accounting (Provision for 2020) Regulations,💚 CLIMATE CHANGE,UK,screener_only,tree,territory_only_tree,,,,0.85,strong,territorial,
UK_uksi_2026_89,Forestry Act 1967 (Consent to Renewable Electricity Development) (England) Regulations,💚 TREES: Forestry & Timber,UK,screener_only,tree,territory_only_tree,,,,1.0,strong,territorial,
UK_wsi_2004_1490,Landfill Allowances Scheme (Wales) Regulations,💚 WASTE,E+W,screener_only,tree,territory_only_tree,,,,1.0,strong,territorial,
UK_wsi_2014_3156,Water Industry (Undertakers Wholly or Mainly in Wales) (Information about Non-owner Occupiers) Regulations,💚 WATER & WASTEWATER,UK,screener_only,tree,territory_only_tree,,,,1.0,strong,territorial,
UK_nisr_2009_273,Explosives (Hazard Information and Packaging for Supply) Regulations (Northern Ireland),💙 FIRE: Dangerous and Explosive Substances,NI,screener_only,tree,time_window_caveat,time window … to 2015-06-01; time window … to 2018-06-01,,,0.6,probable,material/territorial,time window … to 2015-06-01; time window … to 2018-06-01
UK_nisr_2015_279,Marine Conservation (Fixed Monetary Penalties) Order (Northern Ireland),💚 MARINE & RIVERINE,UK,screener_only,tree,time_window_caveat,time window … to 2015-04-01,,,0.6,probable,,time window … to 2015-04-01
UK_ukpga_1986_44,Gas Act,💚 ENERGY,UK,screener_only,tree,time_window_caveat,time window … to 2023-11-20,,,0.6,probable,conditional/material/personal/territorial,time window … to 2023-11-20
UK_ukpga_1989_29,Electricity Act,💚 ENERGY,UK,screener_only,tree,time_window_caveat,time window … to 2023-11-20,,,0.6,probable,conditional/material/personal/territorial,time window … to 2023-11-20
UK_ukpga_2016_22,Housing and Planning Act,💚 PLANNING & INFRASTRUCTURE,UK,screener_only,tree,time_window_caveat,time window … to 2016-04-15,,,0.6,probable,territorial,time window … to 2016-04-15
UK_uksi_2009_995,Environmental Damage (Prevention and Remediation) (Wales) Regulations,💚 ENVIRONMENTAL PROTECTION,UK,screener_only,tree,time_window_caveat,time window … to 2009-07-01,,,0.6,probable,personal/territorial,time window … to 2009-07-01
UK_uksi_2012_2999,Climate Change Agreements (Eligible Facilities) Regulations,💚 CLIMATE CHANGE,UK,screener_only,tree,time_window_caveat,time window … to 2023-03-31,,,0.6,probable,,time window … to 2023-03-31
UK_uksi_2014_3125,Greenhouse Gas Emissions Trading Scheme (Amendment) Regulations,💚 CLIMATE CHANGE,UK,screener_only,tree,time_window_caveat,time window … to 2014-12-31,,,0.6,probable,personal/territorial,time window … to 2014-12-31
UK_uksi_2015_1947,Renewables Obligation Order,💚 ENVIRONMENTAL PROTECTION,GB,screener_only,tree,time_window_caveat,time window … to 2016-04-01; time window … to 2015-04-01; time window … to 2019-04-01,,,0.6,probable,material/personal/territorial,time window … to 2016-04-01; time window … to 2015-04-01; time window … to 2019-04-01
UK_uksi_2017_544,Town and Country Planning (Referred Applications and Appeals Procedure) (Wales) Regulations,💚 TOWN & COUNTRY PLANNING,E+W,screener_only,tree,time_window_caveat,time window … to 2023-12-31,,,0.6,probable,material/territorial,time window … to 2023-12-31
UK_wsi_2026_103,Deposit Scheme for Drinks Containers (Wales) Regulations,💚 ENVIRONMENTAL PROTECTION,UK,screener_only,tree,time_window_caveat,time window 2030-10-01 to …; time window 2027-10-01 to …; time window 2026-11-15 to …,,,0.6,probable,material/personal/territorial,time window 2030-10-01 to …; time window 2027-10-01 to …; time window 2026-11-15 to …
UK_apni_1970_10,Explosives Act (Northern Ireland),💙 FIRE: Dangerous and Explosive Substances,NI,screener_only,unknown,register_gap_or_overmatch,material:explosives,,,1.0,strong,material,
UK_nisr_1991_509,Dangerous Substances in Harbour Areas Regulations (Northern Ireland),💙 FIRE: Dangerous and Explosive Substances,UK,screener_only,unknown,register_gap_or_overmatch,material:dangerous_substances material:substances material:petroleum territorial:harbour territorial:territorial_sea territorial:premises,,,1.0,strong,material/territorial,
UK_nisr_1993_20,Personal Protective Equipment at Work Regulations (Northern Ireland),💙 OH&S: Occupational / Personal Safety,UK,screener_only,unknown,register_gap_or_overmatch,,,,1.0,strong,,
UK_nisr_1993_37,"Workplace (Health, Safety and Welfare) Regulations (Northern Ireland)",💙 OH&S: Occupational / Personal Safety,UK,screener_only,unknown,register_gap_or_overmatch,personal:employer personal:employee territorial:workplace territorial:ship,,,1.0,strong,personal/territorial,
UK_nisr_1997_455,"Reporting of Injuries, Diseases and Dangerous Occurrences Regulations (Northern Ireland)",💙 OH&S: Occupational / Personal Safety,UK,screener_only,unknown,register_gap_or_overmatch,territorial:territorial_sea territorial:workplace material:substances material:vehicle personal:employee,,,0.8,strong,material/personal/territorial,
UK_nisr_1999_304,Lifting Operations and Lifting Equipment Regulations (Northern Ireland),💙 OH&S: Occupational / Personal Safety,NI,screener_only,unknown,register_gap_or_overmatch,material:work_equipment territorial:ship conditional:at_work personal:employer personal:employee territorial:territorial_sea territorial:premises,,,1.0,strong,conditional/material/personal/territorial,
UK_nisr_1999_305,Provision and Use of Work Equipment Regulations (Northern Ireland),💙 OH&S: Occupational / Personal Safety,NI,screener_only,unknown,register_gap_or_overmatch,material:work_equipment territorial:ship personal:employer personal:employee territorial:workplace territorial:territorial_sea territorial:premises,,,1.0,strong,material/personal/territorial,
UK_nisr_2000_388,Management of Health and Safety at Work Regulations (Northern Ireland),💙 OH&S: Occupational / Personal Safety,NI,screener_only,unknown,register_gap_or_overmatch,personal:employer personal:employee territorial:workplace conditional:at_work territorial:premises territorial:territorial_sea,,,1.0,strong,conditional/personal/territorial,
UK_nisr_2003_152,Dangerous Substances and Explosive Atmospheres Regulations (Northern Ireland),💙 FIRE: Dangerous and Explosive Substances,NI,screener_only,unknown,register_gap_or_overmatch,territorial:territorial_sea territorial:premises material:explosives personal:employer territorial:workplace personal:employee territorial:aircraft conditional:at_work,,,1.0,strong,conditional/material/personal/territorial,
UK_nisr_2003_34,Control of Substances Hazardous to Health Regulations (Northern Ireland),💙 OH&S: Occupational / Personal Safety,NI,screener_only,unknown,register_gap_or_overmatch,territorial:aircraft territorial:territorial_sea territorial:premises material:biological_agents material:waste personal:employer personal:employee territorial:workplace,,,1.0,strong,material/personal/territorial,
UK_nisr_2003_97,Environmental Protection (Controls on Ozone-Depleting Substances) Regulations (Northern Ireland),💚 ENVIRONMENTAL PROTECTION,UK,screener_only,unknown,register_gap_or_overmatch,material:substances personal:importer,,,0.7,probable,material/personal,
UK_nisr_2004_222,Pressure Systems Safety Regulations (Northern Ireland),💙 OH&S: Occupational / Personal Safety,NI,screener_only,unknown,register_gap_or_overmatch,conditional:at_work material:pressure_systems territorial:territorial_sea territorial:premises territorial:aircraft personal:employer personal:employee,,,1.0,strong,conditional/material/personal/territorial,
UK_nisr_2004_63,Gas Safety (Installation and Use) Regulations (Northern Ireland),💙 OH&S: Gas & Electrical Safety,NI,screener_only,unknown,register_gap_or_overmatch,material:vehicle territorial:establishment material:construction_work territorial:premises territorial:ship,,,0.6,probable,material/territorial,
UK_nisr_2005_279,Work at Height Regulations (Northern Ireland),💙 OH&S: Occupational / Personal Safety,NI,screener_only,unknown,register_gap_or_overmatch,personal:employer territorial:aircraft personal:employee territorial:territorial_sea territorial:premises,,,1.0,strong,personal/territorial,
UK_nisr_2005_397,Control of Vibration at Work Regulations (Northern Ireland),💙 OH&S: Occupational / Personal Safety,UK,screener_only,unknown,register_gap_or_overmatch,territorial:aircraft territorial:territorial_sea territorial:premises conditional:at_work personal:employer personal:employee,,,1.0,strong,conditional/personal/territorial,
UK_nisr_2005_45,Diving at Work Regulations (Northern Ireland),💙 OH&S: Occupational / Personal Safety,NI,screener_only,unknown,register_gap_or_overmatch,territorial:aircraft material:diving_operations territorial:territorial_sea territorial:premises,,,1.0,strong,material/territorial,
UK_nisr_2006_1,Control of Noise at Work Regulations (Northern Ireland),💙 OH&S: Occupational / Personal Safety,NI,screener_only,unknown,register_gap_or_overmatch,conditional:at_work personal:employer personal:employee territorial:territorial_sea territorial:premises territorial:aircraft,,,1.0,strong,conditional/personal/territorial,
UK_nisr_2006_205,Quarries Regulations (Northern Ireland),💙 OH&S: Mines & Quarries,NI,screener_only,unknown,register_gap_or_overmatch,conditional:at_work personal:person_at_work personal:employer,,,0.8,strong,conditional/personal,
UK_nisr_2006_425,Manufacture and Storage of Explosives Regulations (Northern Ireland),💙 FIRE: Dangerous and Explosive Substances,NI,screener_only,unknown,register_gap_or_overmatch,material:explosives material:carriage_of_goods,,,1.0,strong,material,
UK_nisr_2015_325,Control of Major Accident Hazards Regulations (Northern Ireland),💙 OH&S: Occupational / Personal Safety,NI,screener_only,unknown,register_gap_or_overmatch,material:dangerous_substances material:substances territorial:establishment personal:operator,,,1.0,strong,material/personal/territorial,
UK_nisr_2015_388,Storage of Carbon Dioxide (Access to Infrastructure) Regulations (Northern Ireland),💚 CLIMATE CHANGE,NI,screener_only,unknown,register_gap_or_overmatch,material:explosives,,,0.7,probable,material,
UK_nisr_2016_427,Mines Regulations (Northern Ireland),💙 OH&S: Mines & Quarries,NI,screener_only,unknown,register_gap_or_overmatch,material:construction_work territorial:workplace personal:operator territorial:premises material:vehicle,,,1.0,strong,material/personal/territorial,
UK_nisr_2017_90,Equipment and Protective Systems Intended for Use in Potentially Explosive Atmospheres Regulations (Northern Ireland),💙 FIRE: Dangerous and Explosive Substances,NI,screener_only,unknown,register_gap_or_overmatch,personal:person_at_work personal:worker material:explosives,,,1.0,strong,material/personal,
UK_ssi_2011_57,Marine Licensing (Exempted Activities) (Scottish Offshore Region) Order 2011,💚 MARINE & RIVERINE,S,screener_only,unknown,register_gap_or_overmatch,territorial:aircraft material:substances material:chemicals material:fire material:vehicle material:vessel,,,1.0,strong,material/territorial,
UK_ssi_2026_145,Digital Waste Tracking (Scotland) Regulations,💚 ENVIRONMENTAL PROTECTION,UK,screener_only,unknown,register_gap_or_overmatch,material:construction_work material:waste territorial:scotland,,,1.0,strong,material/territorial,
UK_ukpga_1969_37,Employer’s Liability (Defective Equipment) Act,💙 OH&S: Occupational / Personal Safety,GB,screener_only,unknown,register_gap_or_overmatch,material:explosives,,,1.0,strong,material,
UK_ukpga_1972_28,Employment Medical Advisory Service Act,💙 OH&S: Occupational / Personal Safety,GB,screener_only,unknown,register_gap_or_overmatch,personal:occupier territorial:scotland,,,0.7,probable,personal/territorial,
UK_ukpga_1978_3,Refuse Disposal (Amenity) Act,💚 WASTE,GB,screener_only,unknown,register_gap_or_overmatch,material:vehicle territorial:scotland,,,1.0,strong,material/territorial,
UK_ukpga_1980_45,Water (Scotland) Act,💚 WATER & WASTEWATER,S,screener_only,unknown,register_gap_or_overmatch,territorial:scotland territorial:premises material:lead,,,1.0,strong,material/territorial,
UK_ukpga_1981_29,Fisheries Act,💚 FISHERIES & FISHING,UK,screener_only,unknown,register_gap_or_overmatch,territorial:great_britain territorial:scotland material:vehicle,,,1.0,strong,material/territorial,
UK_ukpga_1986_62,Salmon Act,💚 FISHERIES & FISHING,UK,screener_only,unknown,register_gap_or_overmatch,territorial:scotland material:vehicle territorial:premises territorial:england territorial:wales,,,1.0,strong,material/territorial,
UK_ukpga_1989_15,Water Act,💚 WATER & WASTEWATER,UK,screener_only,unknown,register_gap_or_overmatch,territorial:scotland territorial:territorial_sea territorial:england conditional:at_work territorial:great_britain territorial:wales territorial:united_kingdom,,,1.0,strong,conditional/territorial,
UK_ukpga_1991_34,Planning and Compensation Act,💚 PLANNING & INFRASTRUCTURE,UK,screener_only,unknown,register_gap_or_overmatch,material:waste material:substances territorial:scotland territorial:england territorial:wales,,,1.0,strong,material/territorial,
UK_ukpga_1992_15,Offshore Safety Act,💙 OH&S: Offshore Safety,UK,screener_only,unknown,register_gap_or_overmatch,material:explosives territorial:great_britain territorial:united_kingdom territorial:territorial_sea material:petroleum,,,1.0,strong,material/territorial,
UK_ukpga_2017_20,Neighbourhood Planning Act,💚 PLANNING & INFRASTRUCTURE,UK,screener_only,unknown,register_gap_or_overmatch,material:substances territorial:england territorial:wales territorial:scotland,,,1.0,strong,material/territorial,
UK_ukpga_2026_6,Biodiversity Beyond National Jurisdiction Act,💚 WILDLIFE & COUNTRYSIDE,UK,screener_only,unknown,register_gap_or_overmatch,material:construction_work territorial:united_kingdom territorial:scotland territorial:england territorial:wales,,,1.0,strong,material/territorial,
UK_uksi_1988_1324,Furniture and Furnishings (Fire) (Safety) Regulations,💙 PUBLIC: Consumer / Product Safety,UK,screener_only,unknown,register_gap_or_overmatch,personal:manufacturer personal:importer territorial:united_kingdom,,,1.0,strong,personal/territorial,
UK_uksi_1988_370,International Carriage of Dangerous Goods by Road (Fees) Regulations,💙 TRANSPORT: Road Safety,UK,screener_only,unknown,register_gap_or_overmatch,material:vehicle material:carriage_of_goods material:dangerous_goods,,,1.0,strong,material,
UK_uksi_1994_1768,Plugs and Sockets etc. (Safety) Regulations,💙 PUBLIC: Consumer / Product Safety,UK,screener_only,unknown,register_gap_or_overmatch,material:electrical_equipment personal:manufacturer personal:importer territorial:united_kingdom,,,1.0,strong,material/personal/territorial,
UK_uksi_1995_738,Offshore Installations and Pipeline Works (Management and Administration) Regulations,💙 OH&S: Offshore Safety,UK,screener_only,unknown,register_gap_or_overmatch,conditional:at_work territorial:great_britain,,,0.412,possible,conditional/territorial,
UK_uksi_1996_2925,Cosmetic Products (Safety) Regulations,💙 PUBLIC: Consumer / Product Safety,UK,screener_only,unknown,register_gap_or_overmatch,personal:manufacturer personal:importer territorial:united_kingdom,,,0.75,probable,personal/territorial,
UK_uksi_1996_2971,"Control of Pollution (Applications, Appeals and Registers) Regulations",💚 WATER & WASTEWATER,UK,screener_only,unknown,register_gap_or_overmatch,material:substances,,,1.0,strong,material,
UK_uksi_1999_1054,Non-Road Mobile Machinery (Type Approval) (Fees) Regulations,💚 AIR QUALITY,UK,screener_only,unknown,register_gap_or_overmatch,material:vehicle,,,1.0,strong,material,
UK_uksi_1999_2024,Quarries Regulations,💙 OH&S: Mines & Quarries,GB,screener_only,unknown,register_gap_or_overmatch,personal:person_at_work personal:employer,,,0.8,strong,personal,
UK_uksi_2002_1355,Offshore Chemicals Regulations,💚 POLLUTION,UK,screener_only,unknown,register_gap_or_overmatch,material:substances territorial:scotland personal:operator territorial:united_kingdom territorial:territorial_sea territorial:england territorial:wales,,,1.0,strong,material/personal/territorial,
UK_uksi_2005_2055,Offshore Petroleum Activities (Oil Pollution Prevention and Control) Regulations,💚 OIL & GAS - OFFSHORE - PETROLEUM,UK,screener_only,unknown,register_gap_or_overmatch,personal:operator territorial:england territorial:wales territorial:scotland,,,0.85,strong,personal/territorial,
UK_uksi_2005_3117,Offshore Installations (Safety Case) Regulations,💙 OH&S: Offshore Safety,UK,screener_only,unknown,register_gap_or_overmatch,personal:worker,,,1.0,strong,personal,
UK_uksi_2010_2564,Controlled Drugs (Drug Precursors) (Intra-Community Trade and Community External Trade) Regulations,💙 HEALTH: Drug & Medicine Safety,UK,screener_only,unknown,register_gap_or_overmatch,material:substances personal:operator,,,1.0,strong,material/personal,
UK_uksi_2010_2617,Ecodesign for Energy-Related Products Regulations,💚 CLIMATE CHANGE,UK,screener_only,unknown,register_gap_or_overmatch,personal:manufacturer,,,1.0,strong,personal,
UK_uksi_2011_409,Marine Licensing (Exempted Activities) Order,💚 MARINE & RIVERINE,UK,screener_only,unknown,register_gap_or_overmatch,material:chemicals material:waste territorial:ship material:substances territorial:aircraft material:vessel material:fire material:vehicle,,,1.0,strong,material/territorial,
UK_uksi_2012_1976,Climate Change Agreements (Administration) Regulations,💚 CLIMATE CHANGE,UK,screener_only,unknown,register_gap_or_overmatch,personal:operator,,,1.0,strong,personal,
UK_uksi_2014_3248,Mines Regulations,💙 OH&S: Mines & Quarries,GB,screener_only,unknown,register_gap_or_overmatch,conditional:at_work personal:person_at_work territorial:workplace territorial:ship personal:operator territorial:premises material:vehicle,,,1.0,strong,conditional/material/personal/territorial,
UK_uksi_2015_398,Offshore Installations (Offshore Safety Directive) (Safety Case etc.) Regulations,💙 OH&S: Offshore Safety,UK,screener_only,unknown,register_gap_or_overmatch,personal:operator,,,0.7,probable,personal,
UK_uksi_2015_966,Control of Poisons and Explosives Precursors Regulations,💙 FIRE: Dangerous and Explosive Substances,GB,screener_only,unknown,register_gap_or_overmatch,material:substances territorial:united_kingdom,,,1.0,strong,material/territorial,
UK_uksi_2016_614,Water Supply (Water Quality) Regulations,💚 WATER & WASTEWATER,E+W,screener_only,unknown,register_gap_or_overmatch,territorial:establishment material:radioactive material:lead,,,1.0,strong,material/territorial,
UK_uksi_2017_325,Freight Containers (Safety Convention) Regulations,💙 TRANSPORT: Road Safety,UK,screener_only,unknown,register_gap_or_overmatch,conditional:at_work territorial:great_britain,,,0.525,probable,conditional/territorial,
UK_uksi_2017_407,Water Environment (Water Framework Directive) (England and Wales) Regulations,💚 WATER & WASTEWATER,E+W,screener_only,unknown,register_gap_or_overmatch,territorial:wales territorial:establishment material:substances territorial:england,,,1.0,strong,material/territorial,
UK_uksi_2017_567,Town and Country Planning (Environmental Impact Assessment) (Wales) Regulations,💚 TOWN & COUNTRY PLANNING,E+W,screener_only,unknown,register_gap_or_overmatch,territorial:wales material:construction_work,,,1.0,strong,material/territorial,
UK_uksi_2018_390,Personal Protective Equipment (Enforcement) Regulations,💙 PUBLIC: Consumer / Product Safety,UK,screener_only,unknown,register_gap_or_overmatch,personal:manufacturer,,,1.0,strong,personal,
UK_uksi_2018_647,Water Supply (Water Quality) Regulations,💚 WATER & WASTEWATER,E+W,screener_only,unknown,register_gap_or_overmatch,material:construction_work,,,1.0,strong,material,
UK_uksi_2018_798,Offshore Combustion Installations (Pollution Prevention and Control) (Amendment) Regulations,💚 POLLUTION,UK,screener_only,unknown,register_gap_or_overmatch,personal:operator,,,0.7,probable,personal,
UK_uksi_2021_511,Greenhouse Gas Emissions (Kyoto Protocol Registry) Regulations,💚 CLIMATE CHANGE,UK,screener_only,unknown,register_gap_or_overmatch,personal:operator territorial:united_kingdom,,,0.75,probable,personal/territorial,
UK_uksi_2023_341,Environment (Local Nature Recovery Strategies) (Procedure) Regulations,💚 WILDLIFE & COUNTRYSIDE,UK,screener_only,unknown,register_gap_or_overmatch,material:construction_work territorial:england territorial:wales,,,1.0,strong,material/territorial,
UK_uksi_2026_186,Town and Country Planning (Local Planning) (England) Regulations,💚 TOWN & COUNTRY PLANNING,UK,screener_only,unknown,register_gap_or_overmatch,material:waste territorial:england territorial:wales material:construction_work,,,1.0,strong,material/territorial,
UK_uksi_2026_194,Merchant Shipping (International Safety Management (ISM) Code) Regulations,💙 TRANSPORT: Maritime Safety,UK,screener_only,unknown,register_gap_or_overmatch,territorial:england territorial:wales territorial:scotland material:construction_work territorial:ship,,,1.0,strong,material/territorial,
